"job_id","skill_raw","skill_name","skill_category","is_required","career_category","seniority_level","posting_year","is_entry_level","work_mode"
"SYN_00001","linux","Linux","Tool/Methodology",FALSE,"Cyber Security","Intern",2024,TRUE,"Hybrid"
"SYN_00001","Vulnerability Assessment","Vulnerability Assessment","Domain/Other",FALSE,"Cyber Security","Intern",2024,TRUE,"Hybrid"
"SYN_00001","ISO 27001","ISO 27001","Domain/Other",TRUE,"Cyber Security","Intern",2024,TRUE,"Hybrid"
"SYN_00002","Java","Java","Programming Language",TRUE,"QA & Test Automation","Mid",2024,FALSE,"Hybrid"
"SYN_00002","Cypress.io","Cypress","Tool/Methodology",TRUE,"QA & Test Automation","Mid",2024,FALSE,"Hybrid"
"SYN_00002","postman","Postman","Tool/Methodology",TRUE,"QA & Test Automation","Mid",2024,FALSE,"Hybrid"
"SYN_00002","jira","JIRA","Tool/Methodology",TRUE,"QA & Test Automation","Mid",2024,FALSE,"Hybrid"
"SYN_00002","Manual Testing","Manual Testing","Tool/Methodology",TRUE,"QA & Test Automation","Mid",2024,FALSE,"Hybrid"
"SYN_00003","C#","C#","Programming Language",TRUE,"Software Engineering","Junior",2025,TRUE,"Hybrid"
"SYN_00003","TypeScript","TypeScript","Programming Language",TRUE,"Software Engineering","Junior",2025,TRUE,"Hybrid"
"SYN_00003","mysql","MySQL","Database",TRUE,"Software Engineering","Junior",2025,TRUE,"Hybrid"
"SYN_00003",".NET",".NET","Framework/Library",TRUE,"Software Engineering","Junior",2025,TRUE,"Hybrid"
"SYN_00004","TensorFlow","TensorFlow","Framework/Library",FALSE,"Data & AI / ML","Junior",2016,TRUE,"Remote"
"SYN_00004","Advanced SQL","SQL","Database",TRUE,"Data & AI / ML","Junior",2016,TRUE,"Remote"
"SYN_00004","Pandas","Pandas","Framework/Library",TRUE,"Data & AI / ML","Junior",2016,TRUE,"Remote"
"SYN_00004","PySpark","PySpark","Framework/Library",TRUE,"Data & AI / ML","Junior",2016,TRUE,"Remote"
"SYN_00004","Python 3","Python","Programming Language",TRUE,"Data & AI / ML","Junior",2016,TRUE,"Remote"
"SYN_00004","pytorch","PyTorch","Framework/Library",TRUE,"Data & AI / ML","Junior",2016,TRUE,"Remote"
"SYN_00005","Docker","Docker","Cloud/DevOps",TRUE,"Software Engineering","Junior",2022,TRUE,"Remote"
"SYN_00005","postgres","PostgreSQL","Database",TRUE,"Software Engineering","Junior",2022,TRUE,"Remote"
"SYN_00005","MySQL","MySQL","Database",TRUE,"Software Engineering","Junior",2022,TRUE,"Remote"
"SYN_00005",".NET Core",".NET","Framework/Library",TRUE,"Software Engineering","Junior",2022,TRUE,"Remote"
"SYN_00006","FIGMA","Figma","Tool/Methodology",TRUE,"UI/UX & Product Design","Mid",2019,FALSE,"Hybrid"
"SYN_00006","wireframes","Wireframes","Domain/Other",TRUE,"UI/UX & Product Design","Mid",2019,FALSE,"Hybrid"
"SYN_00006","Design Tokens","Design Tokens","Domain/Other",TRUE,"UI/UX & Product Design","Mid",2019,FALSE,"Hybrid"
"SYN_00006","interactive prototypes","Interactive Prototypes","Domain/Other",TRUE,"UI/UX & Product Design","Mid",2019,FALSE,"Hybrid"
"SYN_00006","User Research","User Research","Domain/Other",TRUE,"UI/UX & Product Design","Mid",2019,FALSE,"Hybrid"
"SYN_00007","Design Systems","Design Systems","Domain/Other",TRUE,"UI/UX & Product Design","Junior",2019,TRUE,"On-site"
"SYN_00007","wireframes","Wireframes","Domain/Other",FALSE,"UI/UX & Product Design","Junior",2019,TRUE,"On-site"
"SYN_00007","interactive prototypes","Interactive Prototypes","Domain/Other",FALSE,"UI/UX & Product Design","Junior",2019,TRUE,"On-site"
"SYN_00007","FIGMA","Figma","Tool/Methodology",TRUE,"UI/UX & Product Design","Junior",2019,TRUE,"On-site"
"SYN_00008","Requirements Analysis","Requirements Analysis","Domain/Other",FALSE,"Management & Business Analysis","Junior",2016,TRUE,"On-site"
"SYN_00008","Sprint Planning","Sprint Planning","Domain/Other",TRUE,"Management & Business Analysis","Junior",2016,TRUE,"On-site"
"SYN_00008","SQL","SQL","Database",TRUE,"Management & Business Analysis","Junior",2016,TRUE,"On-site"
"SYN_00008","JIRA","JIRA","Tool/Methodology",TRUE,"Management & Business Analysis","Junior",2016,TRUE,"On-site"
"SYN_00009","Core Java","Java","Programming Language",TRUE,"Software Engineering","Mid",2021,FALSE,"On-site"
"SYN_00009","PostgreSQL","PostgreSQL","Database",TRUE,"Software Engineering","Mid",2021,FALSE,"On-site"
"SYN_00009","RESTful API","REST API","Tool/Methodology",TRUE,"Software Engineering","Mid",2021,FALSE,"On-site"
"SYN_00009","mysql","MySQL","Database",TRUE,"Software Engineering","Mid",2021,FALSE,"On-site"
"SYN_00009","node","Node.js","Framework/Library",TRUE,"Software Engineering","Mid",2021,FALSE,"On-site"
"SYN_00010","Python","Python","Programming Language",TRUE,"Data & AI / ML","Junior",2019,TRUE,"Hybrid"
"SYN_00010","power bi","Power BI","Tool/Methodology",TRUE,"Data & AI / ML","Junior",2019,TRUE,"Hybrid"
"SYN_00010","SQL","SQL","Database",TRUE,"Data & AI / ML","Junior",2019,TRUE,"Hybrid"
"SYN_00011","Java","Java","Programming Language",TRUE,"QA & Test Automation","Junior",2019,TRUE,"Hybrid"
"SYN_00011","Manual Testing","Manual Testing","Tool/Methodology",TRUE,"QA & Test Automation","Junior",2019,TRUE,"Hybrid"
"SYN_00011","Cypress","Cypress","Tool/Methodology",FALSE,"QA & Test Automation","Junior",2019,TRUE,"Hybrid"
"SYN_00011","JMeter","JMeter","Tool/Methodology",FALSE,"QA & Test Automation","Junior",2019,TRUE,"Hybrid"
"SYN_00011","Selenium","Selenium","Tool/Methodology",FALSE,"QA & Test Automation","Junior",2019,TRUE,"Hybrid"
"SYN_00012","NodeJS","Node.js","Framework/Library",TRUE,"Software Engineering","Mid",2024,FALSE,"Hybrid"
"SYN_00012","TS","TypeScript","Programming Language",TRUE,"Software Engineering","Mid",2024,FALSE,"Hybrid"
"SYN_00012","react.js","React","Framework/Library",TRUE,"Software Engineering","Mid",2024,FALSE,"Hybrid"
"SYN_00012","Spring Boot","Spring Boot","Framework/Library",TRUE,"Software Engineering","Mid",2024,FALSE,"Hybrid"
"SYN_00013","JIRA","JIRA","Tool/Methodology",FALSE,"Management & Business Analysis","Junior",2026,TRUE,"On-site"
"SYN_00013","Business Analysis","Business Analysis","Domain/Other",TRUE,"Management & Business Analysis","Junior",2026,TRUE,"On-site"
"SYN_00013","Agile/Scrum","Agile","Tool/Methodology",FALSE,"Management & Business Analysis","Junior",2026,TRUE,"On-site"
"SYN_00013","sql","SQL","Database",TRUE,"Management & Business Analysis","Junior",2026,TRUE,"On-site"
"SYN_00014","spring-boot","Spring Boot","Framework/Library",FALSE,"Software Engineering","Mid",2017,FALSE,"Remote"
"SYN_00014","Docker","Docker","Cloud/DevOps",TRUE,"Software Engineering","Mid",2017,FALSE,"Remote"
"SYN_00014","ReactJS","React","Framework/Library",TRUE,"Software Engineering","Mid",2017,FALSE,"Remote"
"SYN_00014",".NET Core",".NET","Framework/Library",TRUE,"Software Engineering","Mid",2017,FALSE,"Remote"
"SYN_00014","NodeJS","Node.js","Framework/Library",TRUE,"Software Engineering","Mid",2017,FALSE,"Remote"
"SYN_00015","MySQL","MySQL","Database",FALSE,"Software Engineering","Mid",2021,FALSE,"On-site"
"SYN_00015","TS","TypeScript","Programming Language",TRUE,"Software Engineering","Mid",2021,FALSE,"On-site"
"SYN_00015","spring-boot","Spring Boot","Framework/Library",TRUE,"Software Engineering","Mid",2021,FALSE,"On-site"
"SYN_00015","Python3","Python","Programming Language",TRUE,"Software Engineering","Mid",2021,FALSE,"On-site"
"SYN_00015","Core Java","Java","Programming Language",TRUE,"Software Engineering","Mid",2021,FALSE,"On-site"
"SYN_00016","java","Java","Programming Language",FALSE,"Software Engineering","Senior",2023,FALSE,"On-site"
"SYN_00016","Spring Boot","Spring Boot","Framework/Library",TRUE,"Software Engineering","Senior",2023,FALSE,"On-site"
"SYN_00016","Python3","Python","Programming Language",FALSE,"Software Engineering","Senior",2023,FALSE,"On-site"
"SYN_00016","RESTful API","REST API","Tool/Methodology",TRUE,"Software Engineering","Senior",2023,FALSE,"On-site"
"SYN_00016","typescript","TypeScript","Programming Language",TRUE,"Software Engineering","Senior",2023,FALSE,"On-site"
"SYN_00017","Design Systems","Design Systems","Domain/Other",TRUE,"UI/UX & Product Design","Mid",2016,FALSE,"Remote"
"SYN_00017","Figma","Figma","Tool/Methodology",TRUE,"UI/UX & Product Design","Mid",2016,FALSE,"Remote"
"SYN_00017","wireframes","Wireframes","Domain/Other",TRUE,"UI/UX & Product Design","Mid",2016,FALSE,"Remote"
"SYN_00017","UX Research","UX Research","Domain/Other",TRUE,"UI/UX & Product Design","Mid",2016,FALSE,"Remote"
"SYN_00018","PostgreSQL","PostgreSQL","Database",TRUE,"Software Engineering","Lead",2019,FALSE,"Hybrid"
"SYN_00018","React","React","Framework/Library",TRUE,"Software Engineering","Lead",2019,FALSE,"Hybrid"
"SYN_00018","python","Python","Programming Language",TRUE,"Software Engineering","Lead",2019,FALSE,"Hybrid"
"SYN_00018","NodeJS","Node.js","Framework/Library",TRUE,"Software Engineering","Lead",2019,FALSE,"Hybrid"
"SYN_00018","TypeScript","TypeScript","Programming Language",TRUE,"Software Engineering","Lead",2019,FALSE,"Hybrid"
"SYN_00019","node","Node.js","Framework/Library",TRUE,"Software Engineering","Senior",2024,FALSE,"Hybrid"
"SYN_00019","TS","TypeScript","Programming Language",TRUE,"Software Engineering","Senior",2024,FALSE,"Hybrid"
"SYN_00019","react.js","React","Framework/Library",TRUE,"Software Engineering","Senior",2024,FALSE,"Hybrid"
"SYN_00020","sql queries","SQL","Database",FALSE,"Data & AI / ML","Mid",2026,FALSE,"On-site"
"SYN_00020","pytorch","PyTorch","Framework/Library",TRUE,"Data & AI / ML","Mid",2026,FALSE,"On-site"
"SYN_00020","Python","Python","Programming Language",TRUE,"Data & AI / ML","Mid",2026,FALSE,"On-site"
"SYN_00020","Power BI","Power BI","Tool/Methodology",TRUE,"Data & AI / ML","Mid",2026,FALSE,"On-site"
"SYN_00020","tensorflow","TensorFlow","Framework/Library",TRUE,"Data & AI / ML","Mid",2026,FALSE,"On-site"
"SYN_00021","PyTorch","PyTorch","Framework/Library",TRUE,"Data & AI / ML","Mid",2020,FALSE,"On-site"
"SYN_00021","Power BI","Power BI","Tool/Methodology",TRUE,"Data & AI / ML","Mid",2020,FALSE,"On-site"
"SYN_00021","Advanced SQL","SQL","Database",TRUE,"Data & AI / ML","Mid",2020,FALSE,"On-site"
"SYN_00021","Python","Python","Programming Language",TRUE,"Data & AI / ML","Mid",2020,FALSE,"On-site"
"SYN_00021","pandas","Pandas","Framework/Library",TRUE,"Data & AI / ML","Mid",2020,FALSE,"On-site"
"SYN_00021","PySpark","PySpark","Framework/Library",TRUE,"Data & AI / ML","Mid",2020,FALSE,"On-site"
"SYN_00022","Cisco Routing","Cisco","Tool/Methodology",TRUE,"IT Systems & Infrastructure","Senior",2021,FALSE,"Remote"
"SYN_00022","Windows Server","Windows Server","Tool/Methodology",TRUE,"IT Systems & Infrastructure","Senior",2021,FALSE,"Remote"
"SYN_00022","Linux","Linux","Tool/Methodology",TRUE,"IT Systems & Infrastructure","Senior",2021,FALSE,"Remote"
"SYN_00022","TCP/IP","TCP/IP","Domain/Other",TRUE,"IT Systems & Infrastructure","Senior",2021,FALSE,"Remote"
"SYN_00022","Hardware Support","Hardware Support","Domain/Other",TRUE,"IT Systems & Infrastructure","Senior",2021,FALSE,"Remote"
"SYN_00023","TS","TypeScript","Programming Language",TRUE,"Software Engineering","Mid",2025,FALSE,"Remote"
"SYN_00023",".NET Core",".NET","Framework/Library",FALSE,"Software Engineering","Mid",2025,FALSE,"Remote"
"SYN_00023","MySQL","MySQL","Database",TRUE,"Software Engineering","Mid",2025,FALSE,"Remote"
"SYN_00023","NodeJS","Node.js","Framework/Library",TRUE,"Software Engineering","Mid",2025,FALSE,"Remote"
"SYN_00024","REACT","React","Framework/Library",TRUE,"Software Engineering","Senior",2025,FALSE,"Hybrid"
"SYN_00024","c#","C#","Programming Language",TRUE,"Software Engineering","Senior",2025,FALSE,"Hybrid"
"SYN_00024","dot net",".NET","Framework/Library",TRUE,"Software Engineering","Senior",2025,FALSE,"Hybrid"
"SYN_00025","JIRA","JIRA","Tool/Methodology",FALSE,"QA & Test Automation","Junior",2016,TRUE,"Hybrid"
"SYN_00025","Playwright","Playwright","Tool/Methodology",TRUE,"QA & Test Automation","Junior",2016,TRUE,"Hybrid"
"SYN_00025","Cypress.io","Cypress","Tool/Methodology",TRUE,"QA & Test Automation","Junior",2016,TRUE,"Hybrid"
"SYN_00025","Java","Java","Programming Language",TRUE,"QA & Test Automation","Junior",2016,TRUE,"Hybrid"
"SYN_00025","manual QA","Manual Testing","Tool/Methodology",TRUE,"QA & Test Automation","Junior",2016,TRUE,"Hybrid"
"SYN_00026","NodeJS","Node.js","Framework/Library",FALSE,"Software Engineering","Intern",2026,TRUE,"Hybrid"
"SYN_00026","RESTful API","REST API","Tool/Methodology",TRUE,"Software Engineering","Intern",2026,TRUE,"Hybrid"
"SYN_00026","mysql","MySQL","Database",TRUE,"Software Engineering","Intern",2026,TRUE,"Hybrid"
"SYN_00026","Java","Java","Programming Language",TRUE,"Software Engineering","Intern",2026,TRUE,"Hybrid"
"SYN_00027","NodeJS","Node.js","Framework/Library",TRUE,"Software Engineering","Senior",2016,FALSE,"Hybrid"
"SYN_00027","MySQL","MySQL","Database",TRUE,"Software Engineering","Senior",2016,FALSE,"Hybrid"
"SYN_00027","Python3","Python","Programming Language",TRUE,"Software Engineering","Senior",2016,FALSE,"Hybrid"
"SYN_00027","spring-boot","Spring Boot","Framework/Library",TRUE,"Software Engineering","Senior",2016,FALSE,"Hybrid"
"SYN_00028","Java","Java","Programming Language",TRUE,"Software Engineering","Junior",2026,TRUE,"Hybrid"
"SYN_00028","C#.NET","C#","Programming Language",TRUE,"Software Engineering","Junior",2026,TRUE,"Hybrid"
"SYN_00028","React","React","Framework/Library",TRUE,"Software Engineering","Junior",2026,TRUE,"Hybrid"
"SYN_00028","Python3","Python","Programming Language",TRUE,"Software Engineering","Junior",2026,TRUE,"Hybrid"
"SYN_00028","docker","Docker","Cloud/DevOps",TRUE,"Software Engineering","Junior",2026,TRUE,"Hybrid"
"SYN_00029","Terraform","Terraform","Cloud/DevOps",TRUE,"Cloud & DevOps","Mid",2026,FALSE,"Hybrid"
"SYN_00029","Docker","Docker","Cloud/DevOps",TRUE,"Cloud & DevOps","Mid",2026,FALSE,"Hybrid"
"SYN_00029","Azure","Azure","Cloud/DevOps",TRUE,"Cloud & DevOps","Mid",2026,FALSE,"Hybrid"
"SYN_00029","Amazon Web Services","AWS","Cloud/DevOps",FALSE,"Cloud & DevOps","Mid",2026,FALSE,"Hybrid"
"SYN_00030","jmeter","JMeter","Tool/Methodology",TRUE,"QA & Test Automation","Lead",2017,FALSE,"Hybrid"
"SYN_00030","Postman","Postman","Tool/Methodology",TRUE,"QA & Test Automation","Lead",2017,FALSE,"Hybrid"
"SYN_00030","playwright","Playwright","Tool/Methodology",FALSE,"QA & Test Automation","Lead",2017,FALSE,"Hybrid"
"SYN_00030","selenium","Selenium","Tool/Methodology",TRUE,"QA & Test Automation","Lead",2017,FALSE,"Hybrid"
"SYN_00031","Selenium WebDriver","Selenium","Tool/Methodology",FALSE,"QA & Test Automation","Mid",2026,FALSE,"Hybrid"
"SYN_00031","Cypress.io","Cypress","Tool/Methodology",TRUE,"QA & Test Automation","Mid",2026,FALSE,"Hybrid"
"SYN_00031","Java","Java","Programming Language",TRUE,"QA & Test Automation","Mid",2026,FALSE,"Hybrid"
"SYN_00031","Playwright","Playwright","Tool/Methodology",TRUE,"QA & Test Automation","Mid",2026,FALSE,"Hybrid"
"SYN_00031","jira","JIRA","Tool/Methodology",TRUE,"QA & Test Automation","Mid",2026,FALSE,"Hybrid"
"SYN_00032","Java 17","Java","Programming Language",TRUE,"Software Engineering","Mid",2016,FALSE,"Hybrid"
"SYN_00032","Docker","Docker","Cloud/DevOps",TRUE,"Software Engineering","Mid",2016,FALSE,"Hybrid"
"SYN_00032","RESTful API","REST API","Tool/Methodology",TRUE,"Software Engineering","Mid",2016,FALSE,"Hybrid"
"SYN_00032","mysql","MySQL","Database",TRUE,"Software Engineering","Mid",2016,FALSE,"Hybrid"
"SYN_00032",".NET Core",".NET","Framework/Library",TRUE,"Software Engineering","Mid",2016,FALSE,"Hybrid"
"SYN_00033","Manual Testing","Manual Testing","Tool/Methodology",TRUE,"QA & Test Automation","Junior",2019,TRUE,"Hybrid"
"SYN_00033","Cypress","Cypress","Tool/Methodology",FALSE,"QA & Test Automation","Junior",2019,TRUE,"Hybrid"
"SYN_00033","selenium","Selenium","Tool/Methodology",TRUE,"QA & Test Automation","Junior",2019,TRUE,"Hybrid"
"SYN_00034","jira","JIRA","Tool/Methodology",TRUE,"QA & Test Automation","Mid",2021,FALSE,"On-site"
"SYN_00034","Selenium WebDriver","Selenium","Tool/Methodology",TRUE,"QA & Test Automation","Mid",2021,FALSE,"On-site"
"SYN_00034","Cypress.io","Cypress","Tool/Methodology",TRUE,"QA & Test Automation","Mid",2021,FALSE,"On-site"
"SYN_00034","Manual Testing","Manual Testing","Tool/Methodology",FALSE,"QA & Test Automation","Mid",2021,FALSE,"On-site"
"SYN_00035","Firewall Configuration","Firewall Configuration","Domain/Other",TRUE,"Cyber Security","Intern",2016,TRUE,"Hybrid"
"SYN_00035","Vulnerability Assessment","Vulnerability Assessment","Domain/Other",FALSE,"Cyber Security","Intern",2016,TRUE,"Hybrid"
"SYN_00035","Splunk","Splunk","Tool/Methodology",FALSE,"Cyber Security","Intern",2016,TRUE,"Hybrid"
"SYN_00036","REST APIs","REST API","Tool/Methodology",FALSE,"Software Engineering","Mid",2021,FALSE,"Hybrid"
"SYN_00036","Postgresql","PostgreSQL","Database",TRUE,"Software Engineering","Mid",2021,FALSE,"Hybrid"
"SYN_00036","dot net",".NET","Framework/Library",TRUE,"Software Engineering","Mid",2021,FALSE,"Hybrid"
"SYN_00036","Python","Python","Programming Language",TRUE,"Software Engineering","Mid",2021,FALSE,"Hybrid"
"SYN_00036","docker","Docker","Cloud/DevOps",FALSE,"Software Engineering","Mid",2021,FALSE,"Hybrid"
"SYN_00036","SpringBoot","Spring Boot","Framework/Library",TRUE,"Software Engineering","Mid",2021,FALSE,"Hybrid"
"SYN_00037","Advanced SQL","SQL","Database",TRUE,"Data & AI / ML","Mid",2025,FALSE,"On-site"
"SYN_00037","Python","Python","Programming Language",FALSE,"Data & AI / ML","Mid",2025,FALSE,"On-site"
"SYN_00037","PyTorch","PyTorch","Framework/Library",TRUE,"Data & AI / ML","Mid",2025,FALSE,"On-site"
"SYN_00037","power bi","Power BI","Tool/Methodology",FALSE,"Data & AI / ML","Mid",2025,FALSE,"On-site"
"SYN_00037","pandas","Pandas","Framework/Library",FALSE,"Data & AI / ML","Mid",2025,FALSE,"On-site"
"SYN_00038","postman","Postman","Tool/Methodology",TRUE,"QA & Test Automation","Mid",2016,FALSE,"Hybrid"
"SYN_00038","playwright","Playwright","Tool/Methodology",TRUE,"QA & Test Automation","Mid",2016,FALSE,"Hybrid"
"SYN_00038","JMeter","JMeter","Tool/Methodology",TRUE,"QA & Test Automation","Mid",2016,FALSE,"Hybrid"
"SYN_00038","Java","Java","Programming Language",TRUE,"QA & Test Automation","Mid",2016,FALSE,"Hybrid"
"SYN_00038","Selenium","Selenium","Tool/Methodology",TRUE,"QA & Test Automation","Mid",2016,FALSE,"Hybrid"
"SYN_00039","SQL","SQL","Database",TRUE,"Management & Business Analysis","Senior",2017,FALSE,"Hybrid"
"SYN_00039","Requirements Analysis","Requirements Analysis","Domain/Other",TRUE,"Management & Business Analysis","Senior",2017,FALSE,"Hybrid"
"SYN_00039","Sprint Planning","Sprint Planning","Domain/Other",TRUE,"Management & Business Analysis","Senior",2017,FALSE,"Hybrid"
"SYN_00039","Scrum","Agile","Tool/Methodology",TRUE,"Management & Business Analysis","Senior",2017,FALSE,"Hybrid"
"SYN_00039","JIRA","JIRA","Tool/Methodology",TRUE,"Management & Business Analysis","Senior",2017,FALSE,"Hybrid"
"SYN_00040","Java","Java","Programming Language",TRUE,"QA & Test Automation","Junior",2019,TRUE,"Remote"
"SYN_00040","Cypress","Cypress","Tool/Methodology",TRUE,"QA & Test Automation","Junior",2019,TRUE,"Remote"
"SYN_00040","jira","JIRA","Tool/Methodology",FALSE,"QA & Test Automation","Junior",2019,TRUE,"Remote"
"SYN_00040","Selenium WebDriver","Selenium","Tool/Methodology",FALSE,"QA & Test Automation","Junior",2019,TRUE,"Remote"
"SYN_00041","Java","Java","Programming Language",TRUE,"QA & Test Automation","Mid",2022,FALSE,"Hybrid"
"SYN_00041","jmeter","JMeter","Tool/Methodology",TRUE,"QA & Test Automation","Mid",2022,FALSE,"Hybrid"
"SYN_00041","Selenium","Selenium","Tool/Methodology",TRUE,"QA & Test Automation","Mid",2022,FALSE,"Hybrid"
"SYN_00041","postman","Postman","Tool/Methodology",FALSE,"QA & Test Automation","Mid",2022,FALSE,"Hybrid"
"SYN_00041","manual QA","Manual Testing","Tool/Methodology",FALSE,"QA & Test Automation","Mid",2022,FALSE,"Hybrid"
"SYN_00041","Playwright","Playwright","Tool/Methodology",TRUE,"QA & Test Automation","Mid",2022,FALSE,"Hybrid"
"SYN_00042","C#","C#","Programming Language",FALSE,"Software Engineering","Senior",2016,FALSE,"Hybrid"
"SYN_00042","MySQL","MySQL","Database",TRUE,"Software Engineering","Senior",2016,FALSE,"Hybrid"
"SYN_00042","TypeScript","TypeScript","Programming Language",TRUE,"Software Engineering","Senior",2016,FALSE,"Hybrid"
"SYN_00042","Node.js","Node.js","Framework/Library",TRUE,"Software Engineering","Senior",2016,FALSE,"Hybrid"
"SYN_00043","Amazon Web Services","AWS","Cloud/DevOps",TRUE,"Cloud & DevOps","Mid",2019,FALSE,"On-site"
"SYN_00043","Microsoft Azure","Azure","Cloud/DevOps",TRUE,"Cloud & DevOps","Mid",2019,FALSE,"On-site"
"SYN_00043","K8s","Kubernetes","Cloud/DevOps",TRUE,"Cloud & DevOps","Mid",2019,FALSE,"On-site"
"SYN_00044","Postgresql","PostgreSQL","Database",FALSE,"Software Engineering","Senior",2025,FALSE,"Hybrid"
"SYN_00044","typescript","TypeScript","Programming Language",TRUE,"Software Engineering","Senior",2025,FALSE,"Hybrid"
"SYN_00044","dot net",".NET","Framework/Library",FALSE,"Software Engineering","Senior",2025,FALSE,"Hybrid"
"SYN_00045","Manual Testing","Manual Testing","Tool/Methodology",TRUE,"QA & Test Automation","Junior",2018,TRUE,"Hybrid"
"SYN_00045","Cypress.io","Cypress","Tool/Methodology",TRUE,"QA & Test Automation","Junior",2018,TRUE,"Hybrid"
"SYN_00045","JIRA","JIRA","Tool/Methodology",TRUE,"QA & Test Automation","Junior",2018,TRUE,"Hybrid"
"SYN_00046","Docker","Docker","Cloud/DevOps",TRUE,"Software Engineering","Mid",2024,FALSE,"Hybrid"
"SYN_00046","REST APIs","REST API","Tool/Methodology",TRUE,"Software Engineering","Mid",2024,FALSE,"Hybrid"
"SYN_00046","Python","Python","Programming Language",TRUE,"Software Engineering","Mid",2024,FALSE,"Hybrid"
"SYN_00047","Node.js","Node.js","Framework/Library",TRUE,"Software Engineering","Senior",2018,FALSE,"Hybrid"
"SYN_00047","docker","Docker","Cloud/DevOps",TRUE,"Software Engineering","Senior",2018,FALSE,"Hybrid"
"SYN_00047","Java","Java","Programming Language",TRUE,"Software Engineering","Senior",2018,FALSE,"Hybrid"
"SYN_00047","MySQL","MySQL","Database",TRUE,"Software Engineering","Senior",2018,FALSE,"Hybrid"
"SYN_00047","TS","TypeScript","Programming Language",TRUE,"Software Engineering","Senior",2018,FALSE,"Hybrid"
"SYN_00048","PyTorch","PyTorch","Framework/Library",FALSE,"Data & AI / ML","Mid",2024,FALSE,"Remote"
"SYN_00048","Python 3","Python","Programming Language",TRUE,"Data & AI / ML","Mid",2024,FALSE,"Remote"
"SYN_00048","PySpark","PySpark","Framework/Library",TRUE,"Data & AI / ML","Mid",2024,FALSE,"Remote"
"SYN_00048","power bi","Power BI","Tool/Methodology",TRUE,"Data & AI / ML","Mid",2024,FALSE,"Remote"
"SYN_00049","Java","Java","Programming Language",TRUE,"Software Engineering","Junior",2025,TRUE,"Hybrid"
"SYN_00049","mysql","MySQL","Database",TRUE,"Software Engineering","Junior",2025,TRUE,"Hybrid"
"SYN_00049","docker","Docker","Cloud/DevOps",TRUE,"Software Engineering","Junior",2025,TRUE,"Hybrid"
"SYN_00049",".NET Core",".NET","Framework/Library",TRUE,"Software Engineering","Junior",2025,TRUE,"Hybrid"
"SYN_00050","node","Node.js","Framework/Library",TRUE,"Software Engineering","Junior",2021,TRUE,"Hybrid"
"SYN_00050","C#.NET","C#","Programming Language",TRUE,"Software Engineering","Junior",2021,TRUE,"Hybrid"
"SYN_00050","typescript","TypeScript","Programming Language",TRUE,"Software Engineering","Junior",2021,TRUE,"Hybrid"
"SYN_00050","mysql","MySQL","Database",TRUE,"Software Engineering","Junior",2021,TRUE,"Hybrid"
"SYN_00050","react.js","React","Framework/Library",TRUE,"Software Engineering","Junior",2021,TRUE,"Hybrid"
"SYN_00051","Linux","Linux","Tool/Methodology",FALSE,"Cloud & DevOps","Mid",2022,FALSE,"Remote"
"SYN_00051","CI/CD","CI/CD","Tool/Methodology",TRUE,"Cloud & DevOps","Mid",2022,FALSE,"Remote"
"SYN_00051","azure","Azure","Cloud/DevOps",TRUE,"Cloud & DevOps","Mid",2022,FALSE,"Remote"
"SYN_00051","terraform","Terraform","Cloud/DevOps",TRUE,"Cloud & DevOps","Mid",2022,FALSE,"Remote"
"SYN_00052","C#","C#","Programming Language",TRUE,"Software Engineering","Senior",2024,FALSE,"On-site"
"SYN_00052","dot net",".NET","Framework/Library",TRUE,"Software Engineering","Senior",2024,FALSE,"On-site"
"SYN_00052","Postgresql","PostgreSQL","Database",TRUE,"Software Engineering","Senior",2024,FALSE,"On-site"
"SYN_00052","python","Python","Programming Language",TRUE,"Software Engineering","Senior",2024,FALSE,"On-site"
"SYN_00052","SpringBoot","Spring Boot","Framework/Library",TRUE,"Software Engineering","Senior",2024,FALSE,"On-site"
"SYN_00052","Docker","Docker","Cloud/DevOps",TRUE,"Software Engineering","Senior",2024,FALSE,"On-site"
"SYN_00053","node","Node.js","Framework/Library",TRUE,"Software Engineering","Junior",2016,TRUE,"Hybrid"
"SYN_00053",".NET Core",".NET","Framework/Library",TRUE,"Software Engineering","Junior",2016,TRUE,"Hybrid"
"SYN_00053","mysql","MySQL","Database",TRUE,"Software Engineering","Junior",2016,TRUE,"Hybrid"
"SYN_00053","TS","TypeScript","Programming Language",TRUE,"Software Engineering","Junior",2016,TRUE,"Hybrid"
"SYN_00053","Core Java","Java","Programming Language",FALSE,"Software Engineering","Junior",2016,TRUE,"Hybrid"
"SYN_00054","node","Node.js","Framework/Library",TRUE,"Software Engineering","Junior",2024,TRUE,"On-site"
"SYN_00054","java","Java","Programming Language",FALSE,"Software Engineering","Junior",2024,TRUE,"On-site"
"SYN_00054","Docker","Docker","Cloud/DevOps",TRUE,"Software Engineering","Junior",2024,TRUE,"On-site"
"SYN_00054","MySQL","MySQL","Database",TRUE,"Software Engineering","Junior",2024,TRUE,"On-site"
"SYN_00054","C#.NET","C#","Programming Language",TRUE,"Software Engineering","Junior",2024,TRUE,"On-site"
"SYN_00054","Spring Boot","Spring Boot","Framework/Library",FALSE,"Software Engineering","Junior",2024,TRUE,"On-site"
"SYN_00055",".NET Core",".NET","Framework/Library",TRUE,"Software Engineering","Mid",2016,FALSE,"Hybrid"
"SYN_00055","RESTful API","REST API","Tool/Methodology",TRUE,"Software Engineering","Mid",2016,FALSE,"Hybrid"
"SYN_00055","Docker","Docker","Cloud/DevOps",TRUE,"Software Engineering","Mid",2016,FALSE,"Hybrid"
"SYN_00055","NodeJS","Node.js","Framework/Library",TRUE,"Software Engineering","Mid",2016,FALSE,"Hybrid"
"SYN_00056","docker","Docker","Cloud/DevOps",FALSE,"Software Engineering","Mid",2024,FALSE,"Hybrid"
"SYN_00056","SpringBoot","Spring Boot","Framework/Library",TRUE,"Software Engineering","Mid",2024,FALSE,"Hybrid"
"SYN_00056","java","Java","Programming Language",TRUE,"Software Engineering","Mid",2024,FALSE,"Hybrid"
"SYN_00057","dot net",".NET","Framework/Library",TRUE,"Software Engineering","Mid",2017,FALSE,"On-site"
"SYN_00057","MySQL","MySQL","Database",TRUE,"Software Engineering","Mid",2017,FALSE,"On-site"
"SYN_00057","spring-boot","Spring Boot","Framework/Library",TRUE,"Software Engineering","Mid",2017,FALSE,"On-site"
"SYN_00058","Java 17","Java","Programming Language",TRUE,"Software Engineering","Junior",2016,TRUE,"Remote"
"SYN_00058","REST APIs","REST API","Tool/Methodology",TRUE,"Software Engineering","Junior",2016,TRUE,"Remote"
"SYN_00058","MySQL","MySQL","Database",TRUE,"Software Engineering","Junior",2016,TRUE,"Remote"
"SYN_00059","node","Node.js","Framework/Library",TRUE,"Software Engineering","Mid",2018,FALSE,"Hybrid"
"SYN_00059","REACT","React","Framework/Library",TRUE,"Software Engineering","Mid",2018,FALSE,"Hybrid"
"SYN_00059","Python3","Python","Programming Language",TRUE,"Software Engineering","Mid",2018,FALSE,"Hybrid"
"SYN_00059",".NET Core",".NET","Framework/Library",TRUE,"Software Engineering","Mid",2018,FALSE,"Hybrid"
"SYN_00059","C#","C#","Programming Language",TRUE,"Software Engineering","Mid",2018,FALSE,"Hybrid"
"SYN_00060","RESTful API","REST API","Tool/Methodology",TRUE,"Software Engineering","Intern",2020,TRUE,"On-site"
"SYN_00060","Python3","Python","Programming Language",TRUE,"Software Engineering","Intern",2020,TRUE,"On-site"
"SYN_00060","react.js","React","Framework/Library",TRUE,"Software Engineering","Intern",2020,TRUE,"On-site"
"SYN_00060","C#","C#","Programming Language",TRUE,"Software Engineering","Intern",2020,TRUE,"On-site"
"SYN_00060","typescript","TypeScript","Programming Language",TRUE,"Software Engineering","Intern",2020,TRUE,"On-site"
"SYN_00061","Amazon Web Services","AWS","Cloud/DevOps",TRUE,"Cloud & DevOps","Mid",2019,FALSE,"On-site"
"SYN_00061","k8s","Kubernetes","Cloud/DevOps",TRUE,"Cloud & DevOps","Mid",2019,FALSE,"On-site"
"SYN_00061","IaC","Terraform","Cloud/DevOps",FALSE,"Cloud & DevOps","Mid",2019,FALSE,"On-site"
"SYN_00061","Docker","Docker","Cloud/DevOps",TRUE,"Cloud & DevOps","Mid",2019,FALSE,"On-site"
"SYN_00062","Agile/Scrum","Agile","Tool/Methodology",TRUE,"Management & Business Analysis","Mid",2024,FALSE,"Hybrid"
"SYN_00062","JIRA","JIRA","Tool/Methodology",TRUE,"Management & Business Analysis","Mid",2024,FALSE,"Hybrid"
"SYN_00062","Business Analysis","Business Analysis","Domain/Other",TRUE,"Management & Business Analysis","Mid",2024,FALSE,"Hybrid"
"SYN_00062","sql","SQL","Database",TRUE,"Management & Business Analysis","Mid",2024,FALSE,"Hybrid"
"SYN_00062","Project Management","Project Management","Domain/Other",TRUE,"Management & Business Analysis","Mid",2024,FALSE,"Hybrid"
"SYN_00063","jira","JIRA","Tool/Methodology",FALSE,"QA & Test Automation","Senior",2016,FALSE,"Hybrid"
"SYN_00063","Manual Testing","Manual Testing","Tool/Methodology",FALSE,"QA & Test Automation","Senior",2016,FALSE,"Hybrid"
"SYN_00063","jmeter","JMeter","Tool/Methodology",TRUE,"QA & Test Automation","Senior",2016,FALSE,"Hybrid"
"SYN_00063","Java","Java","Programming Language",TRUE,"QA & Test Automation","Senior",2016,FALSE,"Hybrid"
"SYN_00063","postman","Postman","Tool/Methodology",TRUE,"QA & Test Automation","Senior",2016,FALSE,"Hybrid"
"SYN_00063","Cypress","Cypress","Tool/Methodology",TRUE,"QA & Test Automation","Senior",2016,FALSE,"Hybrid"
"SYN_00064","Java","Java","Programming Language",TRUE,"Software Engineering","Senior",2025,FALSE,"On-site"
"SYN_00064","python","Python","Programming Language",TRUE,"Software Engineering","Senior",2025,FALSE,"On-site"
"SYN_00064","RESTful API","REST API","Tool/Methodology",TRUE,"Software Engineering","Senior",2025,FALSE,"On-site"
"SYN_00064","SpringBoot","Spring Boot","Framework/Library",TRUE,"Software Engineering","Senior",2025,FALSE,"On-site"
"SYN_00064",".NET Core",".NET","Framework/Library",TRUE,"Software Engineering","Senior",2025,FALSE,"On-site"
"SYN_00064","react.js","React","Framework/Library",TRUE,"Software Engineering","Senior",2025,FALSE,"On-site"
"SYN_00065","PyTorch","PyTorch","Framework/Library",TRUE,"Data & AI / ML","Senior",2021,FALSE,"Hybrid"
"SYN_00065","TensorFlow","TensorFlow","Framework/Library",TRUE,"Data & AI / ML","Senior",2021,FALSE,"Hybrid"
"SYN_00065","Power BI","Power BI","Tool/Methodology",FALSE,"Data & AI / ML","Senior",2021,FALSE,"Hybrid"
"SYN_00065","Pandas","Pandas","Framework/Library",TRUE,"Data & AI / ML","Senior",2021,FALSE,"Hybrid"
"SYN_00065","Python 3","Python","Programming Language",TRUE,"Data & AI / ML","Senior",2021,FALSE,"Hybrid"
"SYN_00066","Spring Boot","Spring Boot","Framework/Library",TRUE,"Software Engineering","Mid",2023,FALSE,"On-site"
"SYN_00066","Docker","Docker","Cloud/DevOps",TRUE,"Software Engineering","Mid",2023,FALSE,"On-site"
"SYN_00066","REACT","React","Framework/Library",FALSE,"Software Engineering","Mid",2023,FALSE,"On-site"
"SYN_00066","C#","C#","Programming Language",TRUE,"Software Engineering","Mid",2023,FALSE,"On-site"
"SYN_00066","PostgreSQL","PostgreSQL","Database",FALSE,"Software Engineering","Mid",2023,FALSE,"On-site"
"SYN_00067","postgres","PostgreSQL","Database",FALSE,"Software Engineering","Junior",2020,TRUE,"Hybrid"
"SYN_00067","REST APIs","REST API","Tool/Methodology",FALSE,"Software Engineering","Junior",2020,TRUE,"Hybrid"
"SYN_00067","Python3","Python","Programming Language",TRUE,"Software Engineering","Junior",2020,TRUE,"Hybrid"
"SYN_00067","dot net",".NET","Framework/Library",TRUE,"Software Engineering","Junior",2020,TRUE,"Hybrid"
"SYN_00067","REACT","React","Framework/Library",TRUE,"Software Engineering","Junior",2020,TRUE,"Hybrid"
"SYN_00068","TensorFlow","TensorFlow","Framework/Library",TRUE,"Data & AI / ML","Senior",2021,FALSE,"On-site"
"SYN_00068","Pandas","Pandas","Framework/Library",TRUE,"Data & AI / ML","Senior",2021,FALSE,"On-site"
"SYN_00068","Python 3","Python","Programming Language",FALSE,"Data & AI / ML","Senior",2021,FALSE,"On-site"
"SYN_00069","C#","C#","Programming Language",TRUE,"Software Engineering","Junior",2018,TRUE,"Hybrid"
"SYN_00069","dot net",".NET","Framework/Library",TRUE,"Software Engineering","Junior",2018,TRUE,"Hybrid"
"SYN_00069","Spring Boot","Spring Boot","Framework/Library",TRUE,"Software Engineering","Junior",2018,TRUE,"Hybrid"
"SYN_00069","MySQL","MySQL","Database",FALSE,"Software Engineering","Junior",2018,TRUE,"Hybrid"
"SYN_00070","GitLab CI","CI/CD","Tool/Methodology",TRUE,"Cloud & DevOps","Intern",2024,TRUE,"Hybrid"
"SYN_00070","linux administration","Linux","Tool/Methodology",TRUE,"Cloud & DevOps","Intern",2024,TRUE,"Hybrid"
"SYN_00070","Kubernetes","Kubernetes","Cloud/DevOps",TRUE,"Cloud & DevOps","Intern",2024,TRUE,"Hybrid"
"SYN_00070","Azure","Azure","Cloud/DevOps",TRUE,"Cloud & DevOps","Intern",2024,TRUE,"Hybrid"
"SYN_00070","Amazon Web Services","AWS","Cloud/DevOps",FALSE,"Cloud & DevOps","Intern",2024,TRUE,"Hybrid"
"SYN_00071","manual QA","Manual Testing","Tool/Methodology",TRUE,"QA & Test Automation","Lead",2022,FALSE,"Hybrid"
"SYN_00071","JIRA","JIRA","Tool/Methodology",TRUE,"QA & Test Automation","Lead",2022,FALSE,"Hybrid"
"SYN_00071","Selenium WebDriver","Selenium","Tool/Methodology",TRUE,"QA & Test Automation","Lead",2022,FALSE,"Hybrid"
"SYN_00071","Postman","Postman","Tool/Methodology",TRUE,"QA & Test Automation","Lead",2022,FALSE,"Hybrid"
"SYN_00071","Java","Java","Programming Language",TRUE,"QA & Test Automation","Lead",2022,FALSE,"Hybrid"
"SYN_00072","Ubuntu/RHEL","Linux","Tool/Methodology",FALSE,"Cloud & DevOps","Mid",2016,FALSE,"Hybrid"
"SYN_00072","CI/CD","CI/CD","Tool/Methodology",TRUE,"Cloud & DevOps","Mid",2016,FALSE,"Hybrid"
"SYN_00072","terraform","Terraform","Cloud/DevOps",FALSE,"Cloud & DevOps","Mid",2016,FALSE,"Hybrid"
"SYN_00073","playwright","Playwright","Tool/Methodology",TRUE,"QA & Test Automation","Mid",2023,FALSE,"On-site"
"SYN_00073","JIRA","JIRA","Tool/Methodology",TRUE,"QA & Test Automation","Mid",2023,FALSE,"On-site"
"SYN_00073","Java","Java","Programming Language",TRUE,"QA & Test Automation","Mid",2023,FALSE,"On-site"
"SYN_00073","selenium","Selenium","Tool/Methodology",TRUE,"QA & Test Automation","Mid",2023,FALSE,"On-site"
"SYN_00074","Linux","Linux","Tool/Methodology",TRUE,"IT Systems & Infrastructure","Mid",2024,FALSE,"Remote"
"SYN_00074","TCP/IP","TCP/IP","Domain/Other",TRUE,"IT Systems & Infrastructure","Mid",2024,FALSE,"Remote"
"SYN_00074","Active Directory","Active Directory","Tool/Methodology",TRUE,"IT Systems & Infrastructure","Mid",2024,FALSE,"Remote"
"SYN_00074","Desktop Troubleshooting","Desktop Troubleshooting","Domain/Other",TRUE,"IT Systems & Infrastructure","Mid",2024,FALSE,"Remote"
"SYN_00074","Cisco Routing","Cisco","Tool/Methodology",TRUE,"IT Systems & Infrastructure","Mid",2024,FALSE,"Remote"
"SYN_00075","AWS Cloud","AWS","Cloud/DevOps",TRUE,"Cloud & DevOps","Junior",2022,TRUE,"On-site"
"SYN_00075","IaC","Terraform","Cloud/DevOps",TRUE,"Cloud & DevOps","Junior",2022,TRUE,"On-site"
"SYN_00075","docker","Docker","Cloud/DevOps",FALSE,"Cloud & DevOps","Junior",2022,TRUE,"On-site"
"SYN_00076","Power BI","Power BI","Tool/Methodology",TRUE,"Data & AI / ML","Senior",2022,FALSE,"Hybrid"
"SYN_00076","Advanced SQL","SQL","Database",FALSE,"Data & AI / ML","Senior",2022,FALSE,"Hybrid"
"SYN_00076","pytorch","PyTorch","Framework/Library",FALSE,"Data & AI / ML","Senior",2022,FALSE,"Hybrid"
"SYN_00076","pandas","Pandas","Framework/Library",FALSE,"Data & AI / ML","Senior",2022,FALSE,"Hybrid"
"SYN_00076","TensorFlow","TensorFlow","Framework/Library",FALSE,"Data & AI / ML","Senior",2022,FALSE,"Hybrid"
"SYN_00076","PySpark","PySpark","Framework/Library",TRUE,"Data & AI / ML","Senior",2022,FALSE,"Hybrid"
"SYN_00077","python","Python","Programming Language",TRUE,"Software Engineering","Mid",2025,FALSE,"On-site"
"SYN_00077","spring-boot","Spring Boot","Framework/Library",FALSE,"Software Engineering","Mid",2025,FALSE,"On-site"
"SYN_00077","MySQL","MySQL","Database",TRUE,"Software Engineering","Mid",2025,FALSE,"On-site"
"SYN_00077","Node.js","Node.js","Framework/Library",FALSE,"Software Engineering","Mid",2025,FALSE,"On-site"
"SYN_00077","Docker","Docker","Cloud/DevOps",TRUE,"Software Engineering","Mid",2025,FALSE,"On-site"
"SYN_00078","jira / confluence","JIRA","Tool/Methodology",TRUE,"Management & Business Analysis","Intern",2024,TRUE,"On-site"
"SYN_00078","Business Analysis","Business Analysis","Domain/Other",TRUE,"Management & Business Analysis","Intern",2024,TRUE,"On-site"
"SYN_00078","sql","SQL","Database",TRUE,"Management & Business Analysis","Intern",2024,TRUE,"On-site"
"SYN_00079","REST","REST","Domain/Other",TRUE,"Software Engineering","Junior",2024,TRUE,"On-site"
"SYN_00079","postgres","PostgreSQL","Database",TRUE,"Software Engineering","Junior",2024,TRUE,"On-site"
"SYN_00079","c#","C#","Programming Language",TRUE,"Software Engineering","Junior",2024,TRUE,"On-site"
"SYN_00079","Spring Boot","Spring Boot","Framework/Library",TRUE,"Software Engineering","Junior",2024,TRUE,"On-site"
"SYN_00079","Docker","Docker","Cloud/DevOps",TRUE,"Software Engineering","Junior",2024,TRUE,"On-site"
"SYN_00080","PostgreSQL","PostgreSQL","Database",TRUE,"Software Engineering","Junior",2019,TRUE,"On-site"
"SYN_00080",".NET Core",".NET","Framework/Library",TRUE,"Software Engineering","Junior",2019,TRUE,"On-site"
"SYN_00080","REST","REST","Domain/Other",FALSE,"Software Engineering","Junior",2019,TRUE,"On-site"
"SYN_00080","SpringBoot","Spring Boot","Framework/Library",TRUE,"Software Engineering","Junior",2019,TRUE,"On-site"
"SYN_00080","Docker","Docker","Cloud/DevOps",FALSE,"Software Engineering","Junior",2019,TRUE,"On-site"
"SYN_00080","C#.NET","C#","Programming Language",TRUE,"Software Engineering","Junior",2019,TRUE,"On-site"
"SYN_00081","python","Python","Programming Language",TRUE,"Software Engineering","Mid",2018,FALSE,"Hybrid"
"SYN_00081","Postgresql","PostgreSQL","Database",TRUE,"Software Engineering","Mid",2018,FALSE,"Hybrid"
"SYN_00081","C#.NET","C#","Programming Language",TRUE,"Software Engineering","Mid",2018,FALSE,"Hybrid"
"SYN_00082","ISO 27001","ISO 27001","Domain/Other",FALSE,"Cyber Security","Senior",2019,FALSE,"On-site"
"SYN_00082","QRadar","QRadar","Domain/Other",TRUE,"Cyber Security","Senior",2019,FALSE,"On-site"
"SYN_00082","Network Security","Network Security","Domain/Other",TRUE,"Cyber Security","Senior",2019,FALSE,"On-site"
"SYN_00082","Vulnerability Assessment","Vulnerability Assessment","Domain/Other",TRUE,"Cyber Security","Senior",2019,FALSE,"On-site"
"SYN_00082","linux","Linux","Tool/Methodology",TRUE,"Cyber Security","Senior",2019,FALSE,"On-site"
"SYN_00083","Docker","Docker","Cloud/DevOps",TRUE,"Software Engineering","Intern",2019,TRUE,"Remote"
"SYN_00083","Spring Boot","Spring Boot","Framework/Library",FALSE,"Software Engineering","Intern",2019,TRUE,"Remote"
"SYN_00083","python","Python","Programming Language",TRUE,"Software Engineering","Intern",2019,TRUE,"Remote"
"SYN_00083",".NET",".NET","Framework/Library",TRUE,"Software Engineering","Intern",2019,TRUE,"Remote"
"SYN_00083","MySQL","MySQL","Database",TRUE,"Software Engineering","Intern",2019,TRUE,"Remote"
"SYN_00083","ReactJS","React","Framework/Library",TRUE,"Software Engineering","Intern",2019,TRUE,"Remote"
"SYN_00084","Cypress","Cypress","Tool/Methodology",TRUE,"QA & Test Automation","Junior",2017,TRUE,"On-site"
"SYN_00084","Postman","Postman","Tool/Methodology",TRUE,"QA & Test Automation","Junior",2017,TRUE,"On-site"
"SYN_00084","Manual Testing","Manual Testing","Tool/Methodology",TRUE,"QA & Test Automation","Junior",2017,TRUE,"On-site"
"SYN_00084","Playwright","Playwright","Tool/Methodology",TRUE,"QA & Test Automation","Junior",2017,TRUE,"On-site"
"SYN_00084","Selenium WebDriver","Selenium","Tool/Methodology",TRUE,"QA & Test Automation","Junior",2017,TRUE,"On-site"
"SYN_00085","Pandas","Pandas","Framework/Library",FALSE,"Data & AI / ML","Mid",2017,FALSE,"Remote"
"SYN_00085","power bi","Power BI","Tool/Methodology",TRUE,"Data & AI / ML","Mid",2017,FALSE,"Remote"
"SYN_00085","sql queries","SQL","Database",TRUE,"Data & AI / ML","Mid",2017,FALSE,"Remote"
"SYN_00086","CCNA","CCNA","Domain/Other",TRUE,"IT Systems & Infrastructure","Mid",2017,FALSE,"Hybrid"
"SYN_00086","linux","Linux","Tool/Methodology",TRUE,"IT Systems & Infrastructure","Mid",2017,FALSE,"Hybrid"
"SYN_00086","Windows Server","Windows Server","Tool/Methodology",TRUE,"IT Systems & Infrastructure","Mid",2017,FALSE,"Hybrid"
"SYN_00087","spring-boot","Spring Boot","Framework/Library",FALSE,"Software Engineering","Intern",2024,TRUE,"Hybrid"
"SYN_00087","Postgresql","PostgreSQL","Database",TRUE,"Software Engineering","Intern",2024,TRUE,"Hybrid"
"SYN_00087","REACT","React","Framework/Library",TRUE,"Software Engineering","Intern",2024,TRUE,"Hybrid"
"SYN_00087","node","Node.js","Framework/Library",TRUE,"Software Engineering","Intern",2024,TRUE,"Hybrid"
"SYN_00087","dot net",".NET","Framework/Library",FALSE,"Software Engineering","Intern",2024,TRUE,"Hybrid"
"SYN_00087","REST APIs","REST API","Tool/Methodology",TRUE,"Software Engineering","Intern",2024,TRUE,"Hybrid"
"SYN_00088","Wireframing","Wireframing","Domain/Other",TRUE,"UI/UX & Product Design","Intern",2017,TRUE,"On-site"
"SYN_00088","Design Systems","Design Systems","Domain/Other",TRUE,"UI/UX & Product Design","Intern",2017,TRUE,"On-site"
"SYN_00088","Figma","Figma","Tool/Methodology",TRUE,"UI/UX & Product Design","Intern",2017,TRUE,"On-site"
"SYN_00088","Prototyping","Prototyping","Domain/Other",TRUE,"UI/UX & Product Design","Intern",2017,TRUE,"On-site"
"SYN_00088","UX Research","UX Research","Domain/Other",TRUE,"UI/UX & Product Design","Intern",2017,TRUE,"On-site"
"SYN_00089","python","Python","Programming Language",TRUE,"Data & AI / ML","Mid",2016,FALSE,"Hybrid"
"SYN_00089","Power BI","Power BI","Tool/Methodology",TRUE,"Data & AI / ML","Mid",2016,FALSE,"Hybrid"
"SYN_00089","pytorch","PyTorch","Framework/Library",TRUE,"Data & AI / ML","Mid",2016,FALSE,"Hybrid"
"SYN_00089","TensorFlow","TensorFlow","Framework/Library",TRUE,"Data & AI / ML","Mid",2016,FALSE,"Hybrid"
"SYN_00089","Advanced SQL","SQL","Database",FALSE,"Data & AI / ML","Mid",2016,FALSE,"Hybrid"
"SYN_00090","QRadar","QRadar","Domain/Other",TRUE,"Cyber Security","Lead",2017,FALSE,"Hybrid"
"SYN_00090","ISO 27001","ISO 27001","Domain/Other",TRUE,"Cyber Security","Lead",2017,FALSE,"Hybrid"
"SYN_00090","Vulnerability Assessment","Vulnerability Assessment","Domain/Other",TRUE,"Cyber Security","Lead",2017,FALSE,"Hybrid"
"SYN_00090","Linux","Linux","Tool/Methodology",TRUE,"Cyber Security","Lead",2017,FALSE,"Hybrid"
"SYN_00090","Network Security","Network Security","Domain/Other",TRUE,"Cyber Security","Lead",2017,FALSE,"Hybrid"
"SYN_00091","docker","Docker","Cloud/DevOps",TRUE,"Cloud & DevOps","Junior",2025,TRUE,"Hybrid"
"SYN_00091","k8s","Kubernetes","Cloud/DevOps",TRUE,"Cloud & DevOps","Junior",2025,TRUE,"Hybrid"
"SYN_00091","CI-CD Pipelines","CI/CD","Tool/Methodology",TRUE,"Cloud & DevOps","Junior",2025,TRUE,"Hybrid"
"SYN_00091","Linux","Linux","Tool/Methodology",TRUE,"Cloud & DevOps","Junior",2025,TRUE,"Hybrid"
"SYN_00091","terraform","Terraform","Cloud/DevOps",TRUE,"Cloud & DevOps","Junior",2025,TRUE,"Hybrid"
"SYN_00091","AWS Cloud","AWS","Cloud/DevOps",TRUE,"Cloud & DevOps","Junior",2025,TRUE,"Hybrid"
"SYN_00092","TypeScript","TypeScript","Programming Language",TRUE,"Software Engineering","Senior",2024,FALSE,"Hybrid"
"SYN_00092","PostgreSQL","PostgreSQL","Database",TRUE,"Software Engineering","Senior",2024,FALSE,"Hybrid"
"SYN_00092","python","Python","Programming Language",FALSE,"Software Engineering","Senior",2024,FALSE,"Hybrid"
"SYN_00092","spring-boot","Spring Boot","Framework/Library",FALSE,"Software Engineering","Senior",2024,FALSE,"Hybrid"
"SYN_00092","RESTful API","REST API","Tool/Methodology",TRUE,"Software Engineering","Senior",2024,FALSE,"Hybrid"
"SYN_00092","Docker","Docker","Cloud/DevOps",TRUE,"Software Engineering","Senior",2024,FALSE,"Hybrid"
"SYN_00093","manual QA","Manual Testing","Tool/Methodology",TRUE,"QA & Test Automation","Lead",2020,FALSE,"On-site"
"SYN_00093","jmeter","JMeter","Tool/Methodology",TRUE,"QA & Test Automation","Lead",2020,FALSE,"On-site"
"SYN_00093","Postman","Postman","Tool/Methodology",TRUE,"QA & Test Automation","Lead",2020,FALSE,"On-site"
"SYN_00094","VAPT","VAPT","Domain/Other",FALSE,"Cyber Security","Junior",2019,TRUE,"On-site"
"SYN_00094","Splunk","Splunk","Tool/Methodology",TRUE,"Cyber Security","Junior",2019,TRUE,"On-site"
"SYN_00094","linux","Linux","Tool/Methodology",TRUE,"Cyber Security","Junior",2019,TRUE,"On-site"
"SYN_00094","Firewall Configuration","Firewall Configuration","Domain/Other",TRUE,"Cyber Security","Junior",2019,TRUE,"On-site"
"SYN_00095","Linux","Linux","Tool/Methodology",TRUE,"IT Systems & Infrastructure","Senior",2018,FALSE,"Hybrid"
"SYN_00095","CCNA","CCNA","Domain/Other",TRUE,"IT Systems & Infrastructure","Senior",2018,FALSE,"Hybrid"
"SYN_00095","Windows Server","Windows Server","Tool/Methodology",TRUE,"IT Systems & Infrastructure","Senior",2018,FALSE,"Hybrid"
"SYN_00095","Hardware Support","Hardware Support","Domain/Other",TRUE,"IT Systems & Infrastructure","Senior",2018,FALSE,"Hybrid"
"SYN_00096","ISO 27001","ISO 27001","Domain/Other",TRUE,"Cyber Security","Intern",2017,TRUE,"Hybrid"
"SYN_00096","Vulnerability Assessment","Vulnerability Assessment","Domain/Other",TRUE,"Cyber Security","Intern",2017,TRUE,"Hybrid"
"SYN_00096","Linux","Linux","Tool/Methodology",TRUE,"Cyber Security","Intern",2017,TRUE,"Hybrid"
"SYN_00097","Python3","Python","Programming Language",TRUE,"Software Engineering","Mid",2022,FALSE,"On-site"
"SYN_00097","REST APIs","REST API","Tool/Methodology",TRUE,"Software Engineering","Mid",2022,FALSE,"On-site"
"SYN_00097","C#","C#","Programming Language",TRUE,"Software Engineering","Mid",2022,FALSE,"On-site"
"SYN_00097","TypeScript","TypeScript","Programming Language",TRUE,"Software Engineering","Mid",2022,FALSE,"On-site"
"SYN_00097","Postgresql","PostgreSQL","Database",TRUE,"Software Engineering","Mid",2022,FALSE,"On-site"
"SYN_00098","Agile","Agile","Tool/Methodology",FALSE,"Management & Business Analysis","Mid",2019,FALSE,"Hybrid"
"SYN_00098","JIRA","JIRA","Tool/Methodology",TRUE,"Management & Business Analysis","Mid",2019,FALSE,"Hybrid"
"SYN_00098","Project Management","Project Management","Domain/Other",FALSE,"Management & Business Analysis","Mid",2019,FALSE,"Hybrid"
"SYN_00098","sql","SQL","Database",TRUE,"Management & Business Analysis","Mid",2019,FALSE,"Hybrid"
"SYN_00098","Business Analysis","Business Analysis","Domain/Other",TRUE,"Management & Business Analysis","Mid",2019,FALSE,"Hybrid"
"SYN_00099","linux","Linux","Tool/Methodology",TRUE,"IT Systems & Infrastructure","Lead",2020,FALSE,"Remote"
"SYN_00099","Desktop Troubleshooting","Desktop Troubleshooting","Domain/Other",TRUE,"IT Systems & Infrastructure","Lead",2020,FALSE,"Remote"
"SYN_00099","Active Directory","Active Directory","Tool/Methodology",FALSE,"IT Systems & Infrastructure","Lead",2020,FALSE,"Remote"
"SYN_00099","Cisco Routing","Cisco","Tool/Methodology",TRUE,"IT Systems & Infrastructure","Lead",2020,FALSE,"Remote"
"SYN_00099","Networking","Networking","Domain/Other",FALSE,"IT Systems & Infrastructure","Lead",2020,FALSE,"Remote"
"SYN_00100","Node.js","Node.js","Framework/Library",TRUE,"Software Engineering","Mid",2018,FALSE,"Hybrid"
"SYN_00100","c#","C#","Programming Language",TRUE,"Software Engineering","Mid",2018,FALSE,"Hybrid"
"SYN_00100","postgres","PostgreSQL","Database",FALSE,"Software Engineering","Mid",2018,FALSE,"Hybrid"
"SYN_00100","Spring Boot","Spring Boot","Framework/Library",TRUE,"Software Engineering","Mid",2018,FALSE,"Hybrid"
"SYN_00100","Python3","Python","Programming Language",TRUE,"Software Engineering","Mid",2018,FALSE,"Hybrid"
"SYN_00101","react.js","React","Framework/Library",TRUE,"Software Engineering","Junior",2016,TRUE,"On-site"
"SYN_00101","PostgreSQL","PostgreSQL","Database",TRUE,"Software Engineering","Junior",2016,TRUE,"On-site"
"SYN_00101","RESTful API","REST API","Tool/Methodology",TRUE,"Software Engineering","Junior",2016,TRUE,"On-site"
"SYN_00101","mysql","MySQL","Database",TRUE,"Software Engineering","Junior",2016,TRUE,"On-site"
"SYN_00101","docker","Docker","Cloud/DevOps",TRUE,"Software Engineering","Junior",2016,TRUE,"On-site"
"SYN_00101","C#","C#","Programming Language",FALSE,"Software Engineering","Junior",2016,TRUE,"On-site"
"SYN_00102","selenium","Selenium","Tool/Methodology",TRUE,"QA & Test Automation","Intern",2021,TRUE,"On-site"
"SYN_00102","Playwright","Playwright","Tool/Methodology",TRUE,"QA & Test Automation","Intern",2021,TRUE,"On-site"
"SYN_00102","Postman","Postman","Tool/Methodology",TRUE,"QA & Test Automation","Intern",2021,TRUE,"On-site"
"SYN_00102","Cypress","Cypress","Tool/Methodology",TRUE,"QA & Test Automation","Intern",2021,TRUE,"On-site"
"SYN_00103","interactive prototypes","Interactive Prototypes","Domain/Other",FALSE,"UI/UX & Product Design","Junior",2017,TRUE,"Hybrid"
"SYN_00103","figma","Figma","Tool/Methodology",FALSE,"UI/UX & Product Design","Junior",2017,TRUE,"Hybrid"
"SYN_00103","Wireframing","Wireframing","Domain/Other",TRUE,"UI/UX & Product Design","Junior",2017,TRUE,"Hybrid"
"SYN_00104","jmeter","JMeter","Tool/Methodology",FALSE,"QA & Test Automation","Mid",2019,FALSE,"Remote"
"SYN_00104","selenium","Selenium","Tool/Methodology",TRUE,"QA & Test Automation","Mid",2019,FALSE,"Remote"
"SYN_00104","manual QA","Manual Testing","Tool/Methodology",TRUE,"QA & Test Automation","Mid",2019,FALSE,"Remote"
"SYN_00104","jira","JIRA","Tool/Methodology",TRUE,"QA & Test Automation","Mid",2019,FALSE,"Remote"
"SYN_00104","playwright","Playwright","Tool/Methodology",TRUE,"QA & Test Automation","Mid",2019,FALSE,"Remote"
"SYN_00104","Cypress","Cypress","Tool/Methodology",TRUE,"QA & Test Automation","Mid",2019,FALSE,"Remote"
"SYN_00105","pytorch","PyTorch","Framework/Library",TRUE,"Data & AI / ML","Mid",2024,FALSE,"Hybrid"
"SYN_00105","Apache Spark","Spark","Framework/Library",TRUE,"Data & AI / ML","Mid",2024,FALSE,"Hybrid"
"SYN_00105","Advanced SQL","SQL","Database",TRUE,"Data & AI / ML","Mid",2024,FALSE,"Hybrid"
"SYN_00105","Python","Python","Programming Language",TRUE,"Data & AI / ML","Mid",2024,FALSE,"Hybrid"
"SYN_00106","PyTorch","PyTorch","Framework/Library",TRUE,"Data & AI / ML","Mid",2022,FALSE,"Hybrid"
"SYN_00106","PySpark","PySpark","Framework/Library",TRUE,"Data & AI / ML","Mid",2022,FALSE,"Hybrid"
"SYN_00106","pandas","Pandas","Framework/Library",FALSE,"Data & AI / ML","Mid",2022,FALSE,"Hybrid"
"SYN_00107","postman","Postman","Tool/Methodology",TRUE,"QA & Test Automation","Junior",2016,TRUE,"On-site"
"SYN_00107","Playwright","Playwright","Tool/Methodology",TRUE,"QA & Test Automation","Junior",2016,TRUE,"On-site"
"SYN_00107","Java","Java","Programming Language",TRUE,"QA & Test Automation","Junior",2016,TRUE,"On-site"
"SYN_00108","python","Python","Programming Language",TRUE,"Data & AI / ML","Senior",2020,FALSE,"Hybrid"
"SYN_00108","Pandas","Pandas","Framework/Library",TRUE,"Data & AI / ML","Senior",2020,FALSE,"Hybrid"
"SYN_00108","PyTorch","PyTorch","Framework/Library",TRUE,"Data & AI / ML","Senior",2020,FALSE,"Hybrid"
"SYN_00108","tensorflow","TensorFlow","Framework/Library",FALSE,"Data & AI / ML","Senior",2020,FALSE,"Hybrid"
"SYN_00109","Firewall Configuration","Firewall Configuration","Domain/Other",TRUE,"Cyber Security","Lead",2024,FALSE,"Hybrid"
"SYN_00109","linux","Linux","Tool/Methodology",TRUE,"Cyber Security","Lead",2024,FALSE,"Hybrid"
"SYN_00109","Vulnerability Assessment","Vulnerability Assessment","Domain/Other",FALSE,"Cyber Security","Lead",2024,FALSE,"Hybrid"
"SYN_00110","JIRA","JIRA","Tool/Methodology",TRUE,"QA & Test Automation","Mid",2021,FALSE,"Hybrid"
"SYN_00110","postman","Postman","Tool/Methodology",TRUE,"QA & Test Automation","Mid",2021,FALSE,"Hybrid"
"SYN_00110","JMeter","JMeter","Tool/Methodology",TRUE,"QA & Test Automation","Mid",2021,FALSE,"Hybrid"
"SYN_00110","Cypress","Cypress","Tool/Methodology",TRUE,"QA & Test Automation","Mid",2021,FALSE,"Hybrid"
"SYN_00110","Manual Testing","Manual Testing","Tool/Methodology",FALSE,"QA & Test Automation","Mid",2021,FALSE,"Hybrid"
"SYN_00111","Java","Java","Programming Language",TRUE,"QA & Test Automation","Mid",2022,FALSE,"Hybrid"
"SYN_00111","postman","Postman","Tool/Methodology",TRUE,"QA & Test Automation","Mid",2022,FALSE,"Hybrid"
"SYN_00111","JIRA","JIRA","Tool/Methodology",TRUE,"QA & Test Automation","Mid",2022,FALSE,"Hybrid"
"SYN_00111","JMeter","JMeter","Tool/Methodology",TRUE,"QA & Test Automation","Mid",2022,FALSE,"Hybrid"
"SYN_00111","playwright","Playwright","Tool/Methodology",TRUE,"QA & Test Automation","Mid",2022,FALSE,"Hybrid"
"SYN_00112","jmeter","JMeter","Tool/Methodology",TRUE,"QA & Test Automation","Junior",2025,TRUE,"On-site"
"SYN_00112","jira","JIRA","Tool/Methodology",TRUE,"QA & Test Automation","Junior",2025,TRUE,"On-site"
"SYN_00112","Manual Testing","Manual Testing","Tool/Methodology",FALSE,"QA & Test Automation","Junior",2025,TRUE,"On-site"
"SYN_00113","Python3","Python","Programming Language",TRUE,"Software Engineering","Intern",2017,TRUE,"On-site"
"SYN_00113","dot net",".NET","Framework/Library",TRUE,"Software Engineering","Intern",2017,TRUE,"On-site"
"SYN_00113","Java 17","Java","Programming Language",TRUE,"Software Engineering","Intern",2017,TRUE,"On-site"
"SYN_00113","PostgreSQL","PostgreSQL","Database",TRUE,"Software Engineering","Intern",2017,TRUE,"On-site"
"SYN_00113","react.js","React","Framework/Library",TRUE,"Software Engineering","Intern",2017,TRUE,"On-site"
"SYN_00113","NodeJS","Node.js","Framework/Library",TRUE,"Software Engineering","Intern",2017,TRUE,"On-site"
"SYN_00114","MySQL","MySQL","Database",FALSE,"Software Engineering","Mid",2018,FALSE,"Hybrid"
"SYN_00114","Java 17","Java","Programming Language",TRUE,"Software Engineering","Mid",2018,FALSE,"Hybrid"
"SYN_00114","dot net",".NET","Framework/Library",TRUE,"Software Engineering","Mid",2018,FALSE,"Hybrid"
"SYN_00114","docker","Docker","Cloud/DevOps",TRUE,"Software Engineering","Mid",2018,FALSE,"Hybrid"
"SYN_00114","SpringBoot","Spring Boot","Framework/Library",TRUE,"Software Engineering","Mid",2018,FALSE,"Hybrid"
"SYN_00114","react.js","React","Framework/Library",FALSE,"Software Engineering","Mid",2018,FALSE,"Hybrid"
"SYN_00115","REST","REST","Domain/Other",FALSE,"Software Engineering","Intern",2025,TRUE,"On-site"
"SYN_00115","TypeScript","TypeScript","Programming Language",TRUE,"Software Engineering","Intern",2025,TRUE,"On-site"
"SYN_00115","Spring Boot","Spring Boot","Framework/Library",FALSE,"Software Engineering","Intern",2025,TRUE,"On-site"
"SYN_00115","NodeJS","Node.js","Framework/Library",TRUE,"Software Engineering","Intern",2025,TRUE,"On-site"
"SYN_00116","Core Java","Java","Programming Language",FALSE,"Software Engineering","Mid",2018,FALSE,"Hybrid"
"SYN_00116","SpringBoot","Spring Boot","Framework/Library",FALSE,"Software Engineering","Mid",2018,FALSE,"Hybrid"
"SYN_00116","MySQL","MySQL","Database",TRUE,"Software Engineering","Mid",2018,FALSE,"Hybrid"
"SYN_00116","RESTful API","REST API","Tool/Methodology",TRUE,"Software Engineering","Mid",2018,FALSE,"Hybrid"
"SYN_00116","PostgreSQL","PostgreSQL","Database",FALSE,"Software Engineering","Mid",2018,FALSE,"Hybrid"
"SYN_00116","dot net",".NET","Framework/Library",FALSE,"Software Engineering","Mid",2018,FALSE,"Hybrid"
"SYN_00117","Java","Java","Programming Language",TRUE,"Software Engineering","Mid",2024,FALSE,"Remote"
"SYN_00117","Node.js","Node.js","Framework/Library",TRUE,"Software Engineering","Mid",2024,FALSE,"Remote"
"SYN_00117",".NET Core",".NET","Framework/Library",TRUE,"Software Engineering","Mid",2024,FALSE,"Remote"
"SYN_00117","REACT","React","Framework/Library",FALSE,"Software Engineering","Mid",2024,FALSE,"Remote"
"SYN_00117","Python","Python","Programming Language",TRUE,"Software Engineering","Mid",2024,FALSE,"Remote"
"SYN_00117","postgres","PostgreSQL","Database",TRUE,"Software Engineering","Mid",2024,FALSE,"Remote"
"SYN_00118","selenium","Selenium","Tool/Methodology",TRUE,"QA & Test Automation","Lead",2019,FALSE,"Hybrid"
"SYN_00118","Playwright","Playwright","Tool/Methodology",TRUE,"QA & Test Automation","Lead",2019,FALSE,"Hybrid"
"SYN_00118","JMeter","JMeter","Tool/Methodology",TRUE,"QA & Test Automation","Lead",2019,FALSE,"Hybrid"
"SYN_00118","manual QA","Manual Testing","Tool/Methodology",TRUE,"QA & Test Automation","Lead",2019,FALSE,"Hybrid"
"SYN_00118","Cypress","Cypress","Tool/Methodology",TRUE,"QA & Test Automation","Lead",2019,FALSE,"Hybrid"
"SYN_00119","playwright","Playwright","Tool/Methodology",FALSE,"QA & Test Automation","Intern",2025,TRUE,"On-site"
"SYN_00119","Cypress","Cypress","Tool/Methodology",TRUE,"QA & Test Automation","Intern",2025,TRUE,"On-site"
"SYN_00119","postman","Postman","Tool/Methodology",TRUE,"QA & Test Automation","Intern",2025,TRUE,"On-site"
"SYN_00119","Selenium WebDriver","Selenium","Tool/Methodology",TRUE,"QA & Test Automation","Intern",2025,TRUE,"On-site"
"SYN_00120","spring-boot","Spring Boot","Framework/Library",TRUE,"Software Engineering","Lead",2024,FALSE,"Remote"
"SYN_00120","Node.js","Node.js","Framework/Library",TRUE,"Software Engineering","Lead",2024,FALSE,"Remote"
"SYN_00120","Python","Python","Programming Language",FALSE,"Software Engineering","Lead",2024,FALSE,"Remote"
"SYN_00121","Postman","Postman","Tool/Methodology",TRUE,"QA & Test Automation","Senior",2016,FALSE,"Remote"
"SYN_00121","selenium","Selenium","Tool/Methodology",TRUE,"QA & Test Automation","Senior",2016,FALSE,"Remote"
"SYN_00121","JMeter","JMeter","Tool/Methodology",TRUE,"QA & Test Automation","Senior",2016,FALSE,"Remote"
"SYN_00121","Java","Java","Programming Language",FALSE,"QA & Test Automation","Senior",2016,FALSE,"Remote"
"SYN_00122","TS","TypeScript","Programming Language",TRUE,"Software Engineering","Senior",2023,FALSE,"On-site"
"SYN_00122","python","Python","Programming Language",TRUE,"Software Engineering","Senior",2023,FALSE,"On-site"
"SYN_00122","Docker","Docker","Cloud/DevOps",TRUE,"Software Engineering","Senior",2023,FALSE,"On-site"
"SYN_00123","Selenium","Selenium","Tool/Methodology",TRUE,"QA & Test Automation","Senior",2026,FALSE,"On-site"
"SYN_00123","manual QA","Manual Testing","Tool/Methodology",TRUE,"QA & Test Automation","Senior",2026,FALSE,"On-site"
"SYN_00123","JMeter","JMeter","Tool/Methodology",TRUE,"QA & Test Automation","Senior",2026,FALSE,"On-site"
"SYN_00123","jira","JIRA","Tool/Methodology",TRUE,"QA & Test Automation","Senior",2026,FALSE,"On-site"
"SYN_00123","Java","Java","Programming Language",FALSE,"QA & Test Automation","Senior",2026,FALSE,"On-site"
"SYN_00123","playwright","Playwright","Tool/Methodology",TRUE,"QA & Test Automation","Senior",2026,FALSE,"On-site"
"SYN_00124","Microsoft Azure","Azure","Cloud/DevOps",TRUE,"Cloud & DevOps","Lead",2019,FALSE,"Hybrid"
"SYN_00124","Terraform","Terraform","Cloud/DevOps",TRUE,"Cloud & DevOps","Lead",2019,FALSE,"Hybrid"
"SYN_00124","CI/CD","CI/CD","Tool/Methodology",TRUE,"Cloud & DevOps","Lead",2019,FALSE,"Hybrid"
"SYN_00124","Linux","Linux","Tool/Methodology",TRUE,"Cloud & DevOps","Lead",2019,FALSE,"Hybrid"
"SYN_00125","Requirements Analysis","Requirements Analysis","Domain/Other",TRUE,"Management & Business Analysis","Junior",2016,TRUE,"On-site"
"SYN_00125","Sprint Planning","Sprint Planning","Domain/Other",TRUE,"Management & Business Analysis","Junior",2016,TRUE,"On-site"
"SYN_00125","jira / confluence","JIRA","Tool/Methodology",TRUE,"Management & Business Analysis","Junior",2016,TRUE,"On-site"
"SYN_00125","Agile/Scrum","Agile","Tool/Methodology",TRUE,"Management & Business Analysis","Junior",2016,TRUE,"On-site"
"SYN_00126","playwright","Playwright","Tool/Methodology",TRUE,"QA & Test Automation","Mid",2025,FALSE,"On-site"
"SYN_00126","Cypress.io","Cypress","Tool/Methodology",TRUE,"QA & Test Automation","Mid",2025,FALSE,"On-site"
"SYN_00126","jmeter","JMeter","Tool/Methodology",TRUE,"QA & Test Automation","Mid",2025,FALSE,"On-site"
"SYN_00126","selenium","Selenium","Tool/Methodology",FALSE,"QA & Test Automation","Mid",2025,FALSE,"On-site"
"SYN_00126","Java","Java","Programming Language",TRUE,"QA & Test Automation","Mid",2025,FALSE,"On-site"
"SYN_00127","Spring Boot","Spring Boot","Framework/Library",FALSE,"Software Engineering","Mid",2016,FALSE,"On-site"
"SYN_00127","ReactJS","React","Framework/Library",TRUE,"Software Engineering","Mid",2016,FALSE,"On-site"
"SYN_00127","dot net",".NET","Framework/Library",TRUE,"Software Engineering","Mid",2016,FALSE,"On-site"
"SYN_00127","typescript","TypeScript","Programming Language",TRUE,"Software Engineering","Mid",2016,FALSE,"On-site"
"SYN_00128","dot net",".NET","Framework/Library",TRUE,"Software Engineering","Senior",2019,FALSE,"On-site"
"SYN_00128","postgres","PostgreSQL","Database",TRUE,"Software Engineering","Senior",2019,FALSE,"On-site"
"SYN_00128","Core Java","Java","Programming Language",TRUE,"Software Engineering","Senior",2019,FALSE,"On-site"
"SYN_00129","wireframes","Wireframes","Domain/Other",TRUE,"UI/UX & Product Design","Junior",2017,TRUE,"Hybrid"
"SYN_00129","User Research","User Research","Domain/Other",TRUE,"UI/UX & Product Design","Junior",2017,TRUE,"Hybrid"
"SYN_00129","Prototyping","Prototyping","Domain/Other",TRUE,"UI/UX & Product Design","Junior",2017,TRUE,"Hybrid"
"SYN_00130","jmeter","JMeter","Tool/Methodology",FALSE,"QA & Test Automation","Senior",2018,FALSE,"On-site"
"SYN_00130","Playwright","Playwright","Tool/Methodology",TRUE,"QA & Test Automation","Senior",2018,FALSE,"On-site"
"SYN_00130","jira","JIRA","Tool/Methodology",TRUE,"QA & Test Automation","Senior",2018,FALSE,"On-site"
"SYN_00131","python","Python","Programming Language",TRUE,"Software Engineering","Intern",2023,TRUE,"On-site"
"SYN_00131","ReactJS","React","Framework/Library",TRUE,"Software Engineering","Intern",2023,TRUE,"On-site"
"SYN_00131","PostgreSQL","PostgreSQL","Database",TRUE,"Software Engineering","Intern",2023,TRUE,"On-site"
"SYN_00131","dot net",".NET","Framework/Library",FALSE,"Software Engineering","Intern",2023,TRUE,"On-site"
"SYN_00131","docker","Docker","Cloud/DevOps",TRUE,"Software Engineering","Intern",2023,TRUE,"On-site"
"SYN_00131","node","Node.js","Framework/Library",TRUE,"Software Engineering","Intern",2023,TRUE,"On-site"
"SYN_00132","pytorch","PyTorch","Framework/Library",TRUE,"Data & AI / ML","Senior",2018,FALSE,"Hybrid"
"SYN_00132","pandas","Pandas","Framework/Library",TRUE,"Data & AI / ML","Senior",2018,FALSE,"Hybrid"
"SYN_00132","SQL","SQL","Database",TRUE,"Data & AI / ML","Senior",2018,FALSE,"Hybrid"
"SYN_00133","ISO27001","ISO27001","Domain/Other",TRUE,"Cyber Security","Junior",2023,TRUE,"Hybrid"
"SYN_00133","Firewall Configuration","Firewall Configuration","Domain/Other",TRUE,"Cyber Security","Junior",2023,TRUE,"Hybrid"
"SYN_00133","Vulnerability Assessment","Vulnerability Assessment","Domain/Other",TRUE,"Cyber Security","Junior",2023,TRUE,"Hybrid"
"SYN_00133","SIEM","SIEM","Tool/Methodology",FALSE,"Cyber Security","Junior",2023,TRUE,"Hybrid"
"SYN_00133","linux","Linux","Tool/Methodology",TRUE,"Cyber Security","Junior",2023,TRUE,"Hybrid"
"SYN_00134","REST","REST","Domain/Other",FALSE,"Software Engineering","Senior",2020,FALSE,"On-site"
"SYN_00134","MySQL","MySQL","Database",TRUE,"Software Engineering","Senior",2020,FALSE,"On-site"
"SYN_00134","ReactJS","React","Framework/Library",FALSE,"Software Engineering","Senior",2020,FALSE,"On-site"
"SYN_00134","Python3","Python","Programming Language",FALSE,"Software Engineering","Senior",2020,FALSE,"On-site"
"SYN_00134","TS","TypeScript","Programming Language",FALSE,"Software Engineering","Senior",2020,FALSE,"On-site"
"SYN_00134","dot net",".NET","Framework/Library",TRUE,"Software Engineering","Senior",2020,FALSE,"On-site"
"SYN_00135","RESTful API","REST API","Tool/Methodology",TRUE,"Software Engineering","Junior",2016,TRUE,"Hybrid"
"SYN_00135","node","Node.js","Framework/Library",TRUE,"Software Engineering","Junior",2016,TRUE,"Hybrid"
"SYN_00135","Docker","Docker","Cloud/DevOps",TRUE,"Software Engineering","Junior",2016,TRUE,"Hybrid"
"SYN_00135","mysql","MySQL","Database",TRUE,"Software Engineering","Junior",2016,TRUE,"Hybrid"
"SYN_00136","java","Java","Programming Language",FALSE,"Software Engineering","Mid",2019,FALSE,"Hybrid"
"SYN_00136","Postgresql","PostgreSQL","Database",TRUE,"Software Engineering","Mid",2019,FALSE,"Hybrid"
"SYN_00136","Python","Python","Programming Language",TRUE,"Software Engineering","Mid",2019,FALSE,"Hybrid"
"SYN_00136","Docker","Docker","Cloud/DevOps",TRUE,"Software Engineering","Mid",2019,FALSE,"Hybrid"
"SYN_00137","ReactJS","React","Framework/Library",FALSE,"Software Engineering","Lead",2025,FALSE,"Remote"
"SYN_00137","node","Node.js","Framework/Library",TRUE,"Software Engineering","Lead",2025,FALSE,"Remote"
"SYN_00137","java","Java","Programming Language",TRUE,"Software Engineering","Lead",2025,FALSE,"Remote"
"SYN_00138","Core Java","Java","Programming Language",TRUE,"Software Engineering","Mid",2022,FALSE,"On-site"
"SYN_00138","typescript","TypeScript","Programming Language",TRUE,"Software Engineering","Mid",2022,FALSE,"On-site"
"SYN_00138","Docker","Docker","Cloud/DevOps",TRUE,"Software Engineering","Mid",2022,FALSE,"On-site"
"SYN_00139",".NET Core",".NET","Framework/Library",FALSE,"Software Engineering","Mid",2021,FALSE,"On-site"
"SYN_00139","c#","C#","Programming Language",TRUE,"Software Engineering","Mid",2021,FALSE,"On-site"
"SYN_00139","spring-boot","Spring Boot","Framework/Library",TRUE,"Software Engineering","Mid",2021,FALSE,"On-site"
"SYN_00140","Power BI","Power BI","Tool/Methodology",TRUE,"Data & AI / ML","Junior",2018,TRUE,"On-site"
"SYN_00140","Spark","Spark","Framework/Library",TRUE,"Data & AI / ML","Junior",2018,TRUE,"On-site"
"SYN_00140","SQL","SQL","Database",TRUE,"Data & AI / ML","Junior",2018,TRUE,"On-site"
"SYN_00140","PyTorch","PyTorch","Framework/Library",TRUE,"Data & AI / ML","Junior",2018,TRUE,"On-site"
"SYN_00140","Pandas","Pandas","Framework/Library",TRUE,"Data & AI / ML","Junior",2018,TRUE,"On-site"
"SYN_00140","tensorflow","TensorFlow","Framework/Library",TRUE,"Data & AI / ML","Junior",2018,TRUE,"On-site"
"SYN_00141","manual QA","Manual Testing","Tool/Methodology",TRUE,"QA & Test Automation","Lead",2024,FALSE,"Hybrid"
"SYN_00141","Selenium WebDriver","Selenium","Tool/Methodology",TRUE,"QA & Test Automation","Lead",2024,FALSE,"Hybrid"
"SYN_00141","playwright","Playwright","Tool/Methodology",TRUE,"QA & Test Automation","Lead",2024,FALSE,"Hybrid"
"SYN_00142","ISO27001","ISO27001","Domain/Other",TRUE,"Cyber Security","Mid",2018,FALSE,"Hybrid"
"SYN_00142","Splunk","Splunk","Tool/Methodology",TRUE,"Cyber Security","Mid",2018,FALSE,"Hybrid"
"SYN_00142","Network Security","Network Security","Domain/Other",FALSE,"Cyber Security","Mid",2018,FALSE,"Hybrid"
"SYN_00142","Linux","Linux","Tool/Methodology",TRUE,"Cyber Security","Mid",2018,FALSE,"Hybrid"
"SYN_00142","Vulnerability Assessment","Vulnerability Assessment","Domain/Other",TRUE,"Cyber Security","Mid",2018,FALSE,"Hybrid"
"SYN_00143","docker","Docker","Cloud/DevOps",FALSE,"Software Engineering","Senior",2020,FALSE,"Hybrid"
"SYN_00143","NodeJS","Node.js","Framework/Library",TRUE,"Software Engineering","Senior",2020,FALSE,"Hybrid"
"SYN_00143","C#.NET","C#","Programming Language",TRUE,"Software Engineering","Senior",2020,FALSE,"Hybrid"
"SYN_00143","typescript","TypeScript","Programming Language",TRUE,"Software Engineering","Senior",2020,FALSE,"Hybrid"
"SYN_00144","UX Research","UX Research","Domain/Other",TRUE,"UI/UX & Product Design","Senior",2024,FALSE,"Remote"
"SYN_00144","Design Tokens","Design Tokens","Domain/Other",TRUE,"UI/UX & Product Design","Senior",2024,FALSE,"Remote"
"SYN_00144","interactive prototypes","Interactive Prototypes","Domain/Other",FALSE,"UI/UX & Product Design","Senior",2024,FALSE,"Remote"
"SYN_00144","wireframes","Wireframes","Domain/Other",FALSE,"UI/UX & Product Design","Senior",2024,FALSE,"Remote"
"SYN_00144","FIGMA","Figma","Tool/Methodology",TRUE,"UI/UX & Product Design","Senior",2024,FALSE,"Remote"
"SYN_00145","Spring Boot","Spring Boot","Framework/Library",FALSE,"Software Engineering","Mid",2020,FALSE,"On-site"
"SYN_00145","typescript","TypeScript","Programming Language",TRUE,"Software Engineering","Mid",2020,FALSE,"On-site"
"SYN_00145",".NET Core",".NET","Framework/Library",TRUE,"Software Engineering","Mid",2020,FALSE,"On-site"
"SYN_00145","react.js","React","Framework/Library",TRUE,"Software Engineering","Mid",2020,FALSE,"On-site"
"SYN_00146","React","React","Framework/Library",TRUE,"Software Engineering","Mid",2017,FALSE,"Remote"
"SYN_00146","NodeJS","Node.js","Framework/Library",TRUE,"Software Engineering","Mid",2017,FALSE,"Remote"
"SYN_00146","typescript","TypeScript","Programming Language",TRUE,"Software Engineering","Mid",2017,FALSE,"Remote"
"SYN_00146","Docker","Docker","Cloud/DevOps",TRUE,"Software Engineering","Mid",2017,FALSE,"Remote"
"SYN_00146","MySQL","MySQL","Database",TRUE,"Software Engineering","Mid",2017,FALSE,"Remote"
"SYN_00146","Core Java","Java","Programming Language",FALSE,"Software Engineering","Mid",2017,FALSE,"Remote"
"SYN_00147","react.js","React","Framework/Library",TRUE,"Software Engineering","Mid",2023,FALSE,"Hybrid"
"SYN_00147","c#","C#","Programming Language",TRUE,"Software Engineering","Mid",2023,FALSE,"Hybrid"
"SYN_00147","NodeJS","Node.js","Framework/Library",TRUE,"Software Engineering","Mid",2023,FALSE,"Hybrid"
"SYN_00148","tensorflow","TensorFlow","Framework/Library",FALSE,"Data & AI / ML","Junior",2022,TRUE,"Hybrid"
"SYN_00148","PyTorch","PyTorch","Framework/Library",TRUE,"Data & AI / ML","Junior",2022,TRUE,"Hybrid"
"SYN_00148","PySpark","PySpark","Framework/Library",FALSE,"Data & AI / ML","Junior",2022,TRUE,"Hybrid"
"SYN_00149","Spark","Spark","Framework/Library",FALSE,"Data & AI / ML","Intern",2021,TRUE,"On-site"
"SYN_00149","pytorch","PyTorch","Framework/Library",TRUE,"Data & AI / ML","Intern",2021,TRUE,"On-site"
"SYN_00149","pandas","Pandas","Framework/Library",TRUE,"Data & AI / ML","Intern",2021,TRUE,"On-site"
"SYN_00149","PowerBI","Power BI","Tool/Methodology",TRUE,"Data & AI / ML","Intern",2021,TRUE,"On-site"
"SYN_00149","tensorflow","TensorFlow","Framework/Library",TRUE,"Data & AI / ML","Intern",2021,TRUE,"On-site"
"SYN_00150","node","Node.js","Framework/Library",TRUE,"Software Engineering","Lead",2025,FALSE,"On-site"
"SYN_00150","SpringBoot","Spring Boot","Framework/Library",TRUE,"Software Engineering","Lead",2025,FALSE,"On-site"
"SYN_00150","dot net",".NET","Framework/Library",TRUE,"Software Engineering","Lead",2025,FALSE,"On-site"
"SYN_00151",".NET Core",".NET","Framework/Library",TRUE,"Software Engineering","Intern",2022,TRUE,"Hybrid"
"SYN_00151","Java","Java","Programming Language",TRUE,"Software Engineering","Intern",2022,TRUE,"Hybrid"
"SYN_00151","REST APIs","REST API","Tool/Methodology",FALSE,"Software Engineering","Intern",2022,TRUE,"Hybrid"
"SYN_00151","NodeJS","Node.js","Framework/Library",TRUE,"Software Engineering","Intern",2022,TRUE,"Hybrid"
"SYN_00152","IaC","Terraform","Cloud/DevOps",TRUE,"Cloud & DevOps","Senior",2018,FALSE,"Hybrid"
"SYN_00152","Linux","Linux","Tool/Methodology",TRUE,"Cloud & DevOps","Senior",2018,FALSE,"Hybrid"
"SYN_00152","AWS","AWS","Cloud/DevOps",TRUE,"Cloud & DevOps","Senior",2018,FALSE,"Hybrid"
"SYN_00152","Azure","Azure","Cloud/DevOps",TRUE,"Cloud & DevOps","Senior",2018,FALSE,"Hybrid"
"SYN_00152","k8s","Kubernetes","Cloud/DevOps",TRUE,"Cloud & DevOps","Senior",2018,FALSE,"Hybrid"
"SYN_00152","docker","Docker","Cloud/DevOps",TRUE,"Cloud & DevOps","Senior",2018,FALSE,"Hybrid"
"SYN_00153","Network Security","Network Security","Domain/Other",TRUE,"Cyber Security","Lead",2019,FALSE,"On-site"
"SYN_00153","VAPT","VAPT","Domain/Other",TRUE,"Cyber Security","Lead",2019,FALSE,"On-site"
"SYN_00153","Linux","Linux","Tool/Methodology",FALSE,"Cyber Security","Lead",2019,FALSE,"On-site"
"SYN_00153","QRadar","QRadar","Domain/Other",TRUE,"Cyber Security","Lead",2019,FALSE,"On-site"
"SYN_00154","Ubuntu/RHEL","Linux","Tool/Methodology",TRUE,"Cloud & DevOps","Junior",2019,TRUE,"Hybrid"
"SYN_00154","Amazon Web Services","AWS","Cloud/DevOps",TRUE,"Cloud & DevOps","Junior",2019,TRUE,"Hybrid"
"SYN_00154","Azure","Azure","Cloud/DevOps",TRUE,"Cloud & DevOps","Junior",2019,TRUE,"Hybrid"
"SYN_00154","k8s","Kubernetes","Cloud/DevOps",TRUE,"Cloud & DevOps","Junior",2019,TRUE,"Hybrid"
"SYN_00154","GitLab CI","CI/CD","Tool/Methodology",TRUE,"Cloud & DevOps","Junior",2019,TRUE,"Hybrid"
"SYN_00155","SIEM","SIEM","Tool/Methodology",TRUE,"Cyber Security","Junior",2020,TRUE,"On-site"
"SYN_00155","Linux","Linux","Tool/Methodology",TRUE,"Cyber Security","Junior",2020,TRUE,"On-site"
"SYN_00155","Vulnerability Assessment","Vulnerability Assessment","Domain/Other",TRUE,"Cyber Security","Junior",2020,TRUE,"On-site"
"SYN_00155","ISO27001","ISO27001","Domain/Other",TRUE,"Cyber Security","Junior",2020,TRUE,"On-site"
"SYN_00156","k8s","Kubernetes","Cloud/DevOps",FALSE,"Cloud & DevOps","Mid",2019,FALSE,"Hybrid"
"SYN_00156","azure","Azure","Cloud/DevOps",TRUE,"Cloud & DevOps","Mid",2019,FALSE,"Hybrid"
"SYN_00156","AWS","AWS","Cloud/DevOps",TRUE,"Cloud & DevOps","Mid",2019,FALSE,"Hybrid"
"SYN_00156","GitLab CI","CI/CD","Tool/Methodology",TRUE,"Cloud & DevOps","Mid",2019,FALSE,"Hybrid"
"SYN_00157","Playwright","Playwright","Tool/Methodology",TRUE,"QA & Test Automation","Mid",2020,FALSE,"Hybrid"
"SYN_00157","manual QA","Manual Testing","Tool/Methodology",TRUE,"QA & Test Automation","Mid",2020,FALSE,"Hybrid"
"SYN_00157","Java","Java","Programming Language",TRUE,"QA & Test Automation","Mid",2020,FALSE,"Hybrid"
"SYN_00157","Cypress.io","Cypress","Tool/Methodology",FALSE,"QA & Test Automation","Mid",2020,FALSE,"Hybrid"
"SYN_00158","Project Management","Project Management","Domain/Other",TRUE,"Management & Business Analysis","Mid",2021,FALSE,"Remote"
"SYN_00158","jira / confluence","JIRA","Tool/Methodology",FALSE,"Management & Business Analysis","Mid",2021,FALSE,"Remote"
"SYN_00158","Agile","Agile","Tool/Methodology",TRUE,"Management & Business Analysis","Mid",2021,FALSE,"Remote"
"SYN_00158","SQL","SQL","Database",TRUE,"Management & Business Analysis","Mid",2021,FALSE,"Remote"
"SYN_00158","Business Analysis","Business Analysis","Domain/Other",TRUE,"Management & Business Analysis","Mid",2021,FALSE,"Remote"
"SYN_00159","docker","Docker","Cloud/DevOps",TRUE,"Cloud & DevOps","Mid",2024,FALSE,"On-site"
"SYN_00159","Azure","Azure","Cloud/DevOps",TRUE,"Cloud & DevOps","Mid",2024,FALSE,"On-site"
"SYN_00159","Terraform","Terraform","Cloud/DevOps",TRUE,"Cloud & DevOps","Mid",2024,FALSE,"On-site"
"SYN_00159","K8s","Kubernetes","Cloud/DevOps",TRUE,"Cloud & DevOps","Mid",2024,FALSE,"On-site"
"SYN_00159","linux administration","Linux","Tool/Methodology",TRUE,"Cloud & DevOps","Mid",2024,FALSE,"On-site"
"SYN_00160","Java","Java","Programming Language",TRUE,"QA & Test Automation","Lead",2017,FALSE,"On-site"
"SYN_00160","Selenium","Selenium","Tool/Methodology",TRUE,"QA & Test Automation","Lead",2017,FALSE,"On-site"
"SYN_00160","postman","Postman","Tool/Methodology",TRUE,"QA & Test Automation","Lead",2017,FALSE,"On-site"
"SYN_00160","Cypress.io","Cypress","Tool/Methodology",FALSE,"QA & Test Automation","Lead",2017,FALSE,"On-site"
"SYN_00160","jmeter","JMeter","Tool/Methodology",TRUE,"QA & Test Automation","Lead",2017,FALSE,"On-site"
"SYN_00160","playwright","Playwright","Tool/Methodology",FALSE,"QA & Test Automation","Lead",2017,FALSE,"On-site"
"SYN_00161","AWS","AWS","Cloud/DevOps",TRUE,"Cloud & DevOps","Mid",2025,FALSE,"On-site"
"SYN_00161","Linux","Linux","Tool/Methodology",FALSE,"Cloud & DevOps","Mid",2025,FALSE,"On-site"
"SYN_00161","K8s","Kubernetes","Cloud/DevOps",TRUE,"Cloud & DevOps","Mid",2025,FALSE,"On-site"
"SYN_00161","Docker","Docker","Cloud/DevOps",TRUE,"Cloud & DevOps","Mid",2025,FALSE,"On-site"
"SYN_00161","azure","Azure","Cloud/DevOps",TRUE,"Cloud & DevOps","Mid",2025,FALSE,"On-site"
"SYN_00161","terraform","Terraform","Cloud/DevOps",FALSE,"Cloud & DevOps","Mid",2025,FALSE,"On-site"
"SYN_00162","MySQL","MySQL","Database",TRUE,"Software Engineering","Senior",2016,FALSE,"Remote"
"SYN_00162","NodeJS","Node.js","Framework/Library",TRUE,"Software Engineering","Senior",2016,FALSE,"Remote"
"SYN_00162","REACT","React","Framework/Library",TRUE,"Software Engineering","Senior",2016,FALSE,"Remote"
"SYN_00162","python","Python","Programming Language",TRUE,"Software Engineering","Senior",2016,FALSE,"Remote"
"SYN_00163","Postgresql","PostgreSQL","Database",TRUE,"Software Engineering","Intern",2021,TRUE,"On-site"
"SYN_00163","NodeJS","Node.js","Framework/Library",FALSE,"Software Engineering","Intern",2021,TRUE,"On-site"
"SYN_00163","MySQL","MySQL","Database",TRUE,"Software Engineering","Intern",2021,TRUE,"On-site"
"SYN_00163","REST","REST","Domain/Other",TRUE,"Software Engineering","Intern",2021,TRUE,"On-site"
"SYN_00163","java","Java","Programming Language",TRUE,"Software Engineering","Intern",2021,TRUE,"On-site"
"SYN_00164","Business Analysis","Business Analysis","Domain/Other",FALSE,"Management & Business Analysis","Intern",2025,TRUE,"Hybrid"
"SYN_00164","Agile","Agile","Tool/Methodology",TRUE,"Management & Business Analysis","Intern",2025,TRUE,"Hybrid"
"SYN_00164","SQL","SQL","Database",TRUE,"Management & Business Analysis","Intern",2025,TRUE,"Hybrid"
"SYN_00165","Java","Java","Programming Language",FALSE,"QA & Test Automation","Intern",2017,TRUE,"Remote"
"SYN_00165","Postman","Postman","Tool/Methodology",TRUE,"QA & Test Automation","Intern",2017,TRUE,"Remote"
"SYN_00165","jmeter","JMeter","Tool/Methodology",TRUE,"QA & Test Automation","Intern",2017,TRUE,"Remote"
"SYN_00165","Manual Testing","Manual Testing","Tool/Methodology",FALSE,"QA & Test Automation","Intern",2017,TRUE,"Remote"
"SYN_00166","Prototyping","Prototyping","Domain/Other",FALSE,"UI/UX & Product Design","Lead",2021,FALSE,"Hybrid"
"SYN_00166","User Research","User Research","Domain/Other",TRUE,"UI/UX & Product Design","Lead",2021,FALSE,"Hybrid"
"SYN_00166","Design Tokens","Design Tokens","Domain/Other",TRUE,"UI/UX & Product Design","Lead",2021,FALSE,"Hybrid"
"SYN_00167","Selenium","Selenium","Tool/Methodology",TRUE,"QA & Test Automation","Lead",2026,FALSE,"Hybrid"
"SYN_00167","postman","Postman","Tool/Methodology",TRUE,"QA & Test Automation","Lead",2026,FALSE,"Hybrid"
"SYN_00167","manual QA","Manual Testing","Tool/Methodology",TRUE,"QA & Test Automation","Lead",2026,FALSE,"Hybrid"
"SYN_00168","postgres","PostgreSQL","Database",FALSE,"Software Engineering","Mid",2019,FALSE,"Hybrid"
"SYN_00168","docker","Docker","Cloud/DevOps",TRUE,"Software Engineering","Mid",2019,FALSE,"Hybrid"
"SYN_00168","c#","C#","Programming Language",TRUE,"Software Engineering","Mid",2019,FALSE,"Hybrid"
"SYN_00168","Java","Java","Programming Language",FALSE,"Software Engineering","Mid",2019,FALSE,"Hybrid"
"SYN_00168","react.js","React","Framework/Library",TRUE,"Software Engineering","Mid",2019,FALSE,"Hybrid"
"SYN_00168","Node.js","Node.js","Framework/Library",TRUE,"Software Engineering","Mid",2019,FALSE,"Hybrid"
"SYN_00169","Docker","Docker","Cloud/DevOps",TRUE,"Cloud & DevOps","Junior",2022,TRUE,"Hybrid"
"SYN_00169","terraform","Terraform","Cloud/DevOps",TRUE,"Cloud & DevOps","Junior",2022,TRUE,"Hybrid"
"SYN_00169","GitLab CI","CI/CD","Tool/Methodology",TRUE,"Cloud & DevOps","Junior",2022,TRUE,"Hybrid"
"SYN_00169","Kubernetes","Kubernetes","Cloud/DevOps",TRUE,"Cloud & DevOps","Junior",2022,TRUE,"Hybrid"
"SYN_00169","Azure","Azure","Cloud/DevOps",FALSE,"Cloud & DevOps","Junior",2022,TRUE,"Hybrid"
"SYN_00170","Postgresql","PostgreSQL","Database",FALSE,"Software Engineering","Junior",2022,TRUE,"Hybrid"
"SYN_00170","python","Python","Programming Language",TRUE,"Software Engineering","Junior",2022,TRUE,"Hybrid"
"SYN_00170","node","Node.js","Framework/Library",FALSE,"Software Engineering","Junior",2022,TRUE,"Hybrid"
"SYN_00170","Java 17","Java","Programming Language",TRUE,"Software Engineering","Junior",2022,TRUE,"Hybrid"
"SYN_00171","REACT","React","Framework/Library",TRUE,"Software Engineering","Senior",2018,FALSE,"On-site"
"SYN_00171","Spring Boot","Spring Boot","Framework/Library",FALSE,"Software Engineering","Senior",2018,FALSE,"On-site"
"SYN_00171","docker","Docker","Cloud/DevOps",TRUE,"Software Engineering","Senior",2018,FALSE,"On-site"
"SYN_00172","Linux","Linux","Tool/Methodology",FALSE,"Cloud & DevOps","Junior",2023,TRUE,"Hybrid"
"SYN_00172","terraform","Terraform","Cloud/DevOps",TRUE,"Cloud & DevOps","Junior",2023,TRUE,"Hybrid"
"SYN_00172","GitLab CI","CI/CD","Tool/Methodology",TRUE,"Cloud & DevOps","Junior",2023,TRUE,"Hybrid"
"SYN_00173","spring-boot","Spring Boot","Framework/Library",TRUE,"Software Engineering","Lead",2025,FALSE,"Hybrid"
"SYN_00173","typescript","TypeScript","Programming Language",FALSE,"Software Engineering","Lead",2025,FALSE,"Hybrid"
"SYN_00173","REACT","React","Framework/Library",TRUE,"Software Engineering","Lead",2025,FALSE,"Hybrid"
"SYN_00174","Docker","Docker","Cloud/DevOps",TRUE,"Cloud & DevOps","Junior",2020,TRUE,"On-site"
"SYN_00174","CI/CD","CI/CD","Tool/Methodology",TRUE,"Cloud & DevOps","Junior",2020,TRUE,"On-site"
"SYN_00174","k8s","Kubernetes","Cloud/DevOps",TRUE,"Cloud & DevOps","Junior",2020,TRUE,"On-site"
"SYN_00174","terraform","Terraform","Cloud/DevOps",TRUE,"Cloud & DevOps","Junior",2020,TRUE,"On-site"
"SYN_00174","Microsoft Azure","Azure","Cloud/DevOps",TRUE,"Cloud & DevOps","Junior",2020,TRUE,"On-site"
"SYN_00174","linux administration","Linux","Tool/Methodology",TRUE,"Cloud & DevOps","Junior",2020,TRUE,"On-site"
"SYN_00175","postman","Postman","Tool/Methodology",TRUE,"QA & Test Automation","Lead",2024,FALSE,"On-site"
"SYN_00175","Java","Java","Programming Language",TRUE,"QA & Test Automation","Lead",2024,FALSE,"On-site"
"SYN_00175","Manual Testing","Manual Testing","Tool/Methodology",TRUE,"QA & Test Automation","Lead",2024,FALSE,"On-site"
"SYN_00176","Python","Python","Programming Language",FALSE,"Data & AI / ML","Junior",2017,TRUE,"Hybrid"
"SYN_00176","Power BI","Power BI","Tool/Methodology",TRUE,"Data & AI / ML","Junior",2017,TRUE,"Hybrid"
"SYN_00176","Pandas","Pandas","Framework/Library",TRUE,"Data & AI / ML","Junior",2017,TRUE,"Hybrid"
"SYN_00176","PyTorch","PyTorch","Framework/Library",TRUE,"Data & AI / ML","Junior",2017,TRUE,"Hybrid"
"SYN_00177","Playwright","Playwright","Tool/Methodology",FALSE,"QA & Test Automation","Intern",2019,TRUE,"Hybrid"
"SYN_00177","Java","Java","Programming Language",TRUE,"QA & Test Automation","Intern",2019,TRUE,"Hybrid"
"SYN_00177","Manual Testing","Manual Testing","Tool/Methodology",TRUE,"QA & Test Automation","Intern",2019,TRUE,"Hybrid"
"SYN_00177","Postman","Postman","Tool/Methodology",TRUE,"QA & Test Automation","Intern",2019,TRUE,"Hybrid"
"SYN_00178","Networking","Networking","Domain/Other",TRUE,"IT Systems & Infrastructure","Intern",2017,TRUE,"Hybrid"
"SYN_00178","Hardware Support","Hardware Support","Domain/Other",TRUE,"IT Systems & Infrastructure","Intern",2017,TRUE,"Hybrid"
"SYN_00178","Active Directory","Active Directory","Tool/Methodology",TRUE,"IT Systems & Infrastructure","Intern",2017,TRUE,"Hybrid"
"SYN_00178","Cisco Routing","Cisco","Tool/Methodology",TRUE,"IT Systems & Infrastructure","Intern",2017,TRUE,"Hybrid"
"SYN_00178","linux","Linux","Tool/Methodology",TRUE,"IT Systems & Infrastructure","Intern",2017,TRUE,"Hybrid"
"SYN_00179","linux","Linux","Tool/Methodology",TRUE,"IT Systems & Infrastructure","Senior",2024,FALSE,"Hybrid"
"SYN_00179","Desktop Troubleshooting","Desktop Troubleshooting","Domain/Other",TRUE,"IT Systems & Infrastructure","Senior",2024,FALSE,"Hybrid"
"SYN_00179","CCNA","CCNA","Domain/Other",TRUE,"IT Systems & Infrastructure","Senior",2024,FALSE,"Hybrid"
"SYN_00179","Windows Server","Windows Server","Tool/Methodology",TRUE,"IT Systems & Infrastructure","Senior",2024,FALSE,"Hybrid"
"SYN_00179","Networking","Networking","Domain/Other",TRUE,"IT Systems & Infrastructure","Senior",2024,FALSE,"Hybrid"
"SYN_00180","Java","Java","Programming Language",TRUE,"QA & Test Automation","Intern",2022,TRUE,"Hybrid"
"SYN_00180","jira","JIRA","Tool/Methodology",TRUE,"QA & Test Automation","Intern",2022,TRUE,"Hybrid"
"SYN_00180","Cypress","Cypress","Tool/Methodology",TRUE,"QA & Test Automation","Intern",2022,TRUE,"Hybrid"
"SYN_00181","Java 17","Java","Programming Language",TRUE,"Software Engineering","Intern",2026,TRUE,"Hybrid"
"SYN_00181","C#.NET","C#","Programming Language",TRUE,"Software Engineering","Intern",2026,TRUE,"Hybrid"
"SYN_00181","MySQL","MySQL","Database",TRUE,"Software Engineering","Intern",2026,TRUE,"Hybrid"
"SYN_00181","Docker","Docker","Cloud/DevOps",TRUE,"Software Engineering","Intern",2026,TRUE,"Hybrid"
"SYN_00182","manual QA","Manual Testing","Tool/Methodology",TRUE,"QA & Test Automation","Mid",2016,FALSE,"On-site"
"SYN_00182","jmeter","JMeter","Tool/Methodology",TRUE,"QA & Test Automation","Mid",2016,FALSE,"On-site"
"SYN_00182","postman","Postman","Tool/Methodology",FALSE,"QA & Test Automation","Mid",2016,FALSE,"On-site"
"SYN_00182","selenium","Selenium","Tool/Methodology",TRUE,"QA & Test Automation","Mid",2016,FALSE,"On-site"
"SYN_00182","Playwright","Playwright","Tool/Methodology",TRUE,"QA & Test Automation","Mid",2016,FALSE,"On-site"
"SYN_00182","Java","Java","Programming Language",TRUE,"QA & Test Automation","Mid",2016,FALSE,"On-site"
"SYN_00183","manual QA","Manual Testing","Tool/Methodology",TRUE,"QA & Test Automation","Mid",2019,FALSE,"On-site"
"SYN_00183","Cypress.io","Cypress","Tool/Methodology",TRUE,"QA & Test Automation","Mid",2019,FALSE,"On-site"
"SYN_00183","Selenium","Selenium","Tool/Methodology",FALSE,"QA & Test Automation","Mid",2019,FALSE,"On-site"
"SYN_00184","JIRA","JIRA","Tool/Methodology",TRUE,"QA & Test Automation","Junior",2024,TRUE,"On-site"
"SYN_00184","Java","Java","Programming Language",FALSE,"QA & Test Automation","Junior",2024,TRUE,"On-site"
"SYN_00184","Postman","Postman","Tool/Methodology",FALSE,"QA & Test Automation","Junior",2024,TRUE,"On-site"
"SYN_00185","Python","Python","Programming Language",TRUE,"Software Engineering","Intern",2024,TRUE,"Hybrid"
"SYN_00185",".NET",".NET","Framework/Library",TRUE,"Software Engineering","Intern",2024,TRUE,"Hybrid"
"SYN_00185","Postgresql","PostgreSQL","Database",FALSE,"Software Engineering","Intern",2024,TRUE,"Hybrid"
"SYN_00186","Design Systems","Design Systems","Domain/Other",TRUE,"UI/UX & Product Design","Senior",2016,FALSE,"On-site"
"SYN_00186","interactive prototypes","Interactive Prototypes","Domain/Other",TRUE,"UI/UX & Product Design","Senior",2016,FALSE,"On-site"
"SYN_00186","wireframes","Wireframes","Domain/Other",TRUE,"UI/UX & Product Design","Senior",2016,FALSE,"On-site"
"SYN_00186","figma","Figma","Tool/Methodology",TRUE,"UI/UX & Product Design","Senior",2016,FALSE,"On-site"
"SYN_00187","postgres","PostgreSQL","Database",TRUE,"Software Engineering","Mid",2025,FALSE,"On-site"
"SYN_00187","Spring Boot","Spring Boot","Framework/Library",TRUE,"Software Engineering","Mid",2025,FALSE,"On-site"
"SYN_00187","Docker","Docker","Cloud/DevOps",FALSE,"Software Engineering","Mid",2025,FALSE,"On-site"
"SYN_00187","node","Node.js","Framework/Library",TRUE,"Software Engineering","Mid",2025,FALSE,"On-site"
"SYN_00187","TypeScript","TypeScript","Programming Language",TRUE,"Software Engineering","Mid",2025,FALSE,"On-site"
"SYN_00187","Python","Python","Programming Language",TRUE,"Software Engineering","Mid",2025,FALSE,"On-site"
"SYN_00188","jira / confluence","JIRA","Tool/Methodology",TRUE,"Management & Business Analysis","Mid",2020,FALSE,"Hybrid"
"SYN_00188","Agile","Agile","Tool/Methodology",TRUE,"Management & Business Analysis","Mid",2020,FALSE,"Hybrid"
"SYN_00188","Requirements Analysis","Requirements Analysis","Domain/Other",TRUE,"Management & Business Analysis","Mid",2020,FALSE,"Hybrid"
"SYN_00189","Sprint Planning","Sprint Planning","Domain/Other",TRUE,"Management & Business Analysis","Junior",2022,TRUE,"Hybrid"
"SYN_00189","jira / confluence","JIRA","Tool/Methodology",TRUE,"Management & Business Analysis","Junior",2022,TRUE,"Hybrid"
"SYN_00189","Agile","Agile","Tool/Methodology",TRUE,"Management & Business Analysis","Junior",2022,TRUE,"Hybrid"
"SYN_00189","Requirements Analysis","Requirements Analysis","Domain/Other",TRUE,"Management & Business Analysis","Junior",2022,TRUE,"Hybrid"
"SYN_00189","sql","SQL","Database",TRUE,"Management & Business Analysis","Junior",2022,TRUE,"Hybrid"
"SYN_00190","Terraform","Terraform","Cloud/DevOps",TRUE,"Cloud & DevOps","Junior",2023,TRUE,"On-site"
"SYN_00190","Ubuntu/RHEL","Linux","Tool/Methodology",TRUE,"Cloud & DevOps","Junior",2023,TRUE,"On-site"
"SYN_00190","Docker","Docker","Cloud/DevOps",TRUE,"Cloud & DevOps","Junior",2023,TRUE,"On-site"
"SYN_00190","AWS Cloud","AWS","Cloud/DevOps",TRUE,"Cloud & DevOps","Junior",2023,TRUE,"On-site"
"SYN_00191","AWS","AWS","Cloud/DevOps",TRUE,"Cloud & DevOps","Junior",2018,TRUE,"Hybrid"
"SYN_00191","docker","Docker","Cloud/DevOps",TRUE,"Cloud & DevOps","Junior",2018,TRUE,"Hybrid"
"SYN_00191","linux administration","Linux","Tool/Methodology",FALSE,"Cloud & DevOps","Junior",2018,TRUE,"Hybrid"
"SYN_00192","node","Node.js","Framework/Library",TRUE,"Software Engineering","Mid",2024,FALSE,"On-site"
"SYN_00192","typescript","TypeScript","Programming Language",FALSE,"Software Engineering","Mid",2024,FALSE,"On-site"
"SYN_00192","Java","Java","Programming Language",TRUE,"Software Engineering","Mid",2024,FALSE,"On-site"
"SYN_00192","SpringBoot","Spring Boot","Framework/Library",TRUE,"Software Engineering","Mid",2024,FALSE,"On-site"
"SYN_00192","docker","Docker","Cloud/DevOps",FALSE,"Software Engineering","Mid",2024,FALSE,"On-site"
"SYN_00192","Postgresql","PostgreSQL","Database",FALSE,"Software Engineering","Mid",2024,FALSE,"On-site"
"SYN_00193","interactive prototypes","Interactive Prototypes","Domain/Other",TRUE,"UI/UX & Product Design","Senior",2021,FALSE,"Remote"
"SYN_00193","User Research","User Research","Domain/Other",TRUE,"UI/UX & Product Design","Senior",2021,FALSE,"Remote"
"SYN_00193","Design Systems","Design Systems","Domain/Other",TRUE,"UI/UX & Product Design","Senior",2021,FALSE,"Remote"
"SYN_00193","wireframes","Wireframes","Domain/Other",FALSE,"UI/UX & Product Design","Senior",2021,FALSE,"Remote"
"SYN_00193","figma","Figma","Tool/Methodology",TRUE,"UI/UX & Product Design","Senior",2021,FALSE,"Remote"
"SYN_00194","Python3","Python","Programming Language",FALSE,"Software Engineering","Senior",2026,FALSE,"On-site"
"SYN_00194","mysql","MySQL","Database",FALSE,"Software Engineering","Senior",2026,FALSE,"On-site"
"SYN_00194","C#.NET","C#","Programming Language",TRUE,"Software Engineering","Senior",2026,FALSE,"On-site"
"SYN_00195","ReactJS","React","Framework/Library",TRUE,"Software Engineering","Mid",2017,FALSE,"Hybrid"
"SYN_00195","spring-boot","Spring Boot","Framework/Library",TRUE,"Software Engineering","Mid",2017,FALSE,"Hybrid"
"SYN_00195","c#","C#","Programming Language",TRUE,"Software Engineering","Mid",2017,FALSE,"Hybrid"
"SYN_00195","REST","REST","Domain/Other",TRUE,"Software Engineering","Mid",2017,FALSE,"Hybrid"
"SYN_00195",".NET Core",".NET","Framework/Library",TRUE,"Software Engineering","Mid",2017,FALSE,"Hybrid"
"SYN_00196","spring-boot","Spring Boot","Framework/Library",TRUE,"Software Engineering","Mid",2016,FALSE,"Hybrid"
"SYN_00196","Docker","Docker","Cloud/DevOps",TRUE,"Software Engineering","Mid",2016,FALSE,"Hybrid"
"SYN_00196","C#","C#","Programming Language",TRUE,"Software Engineering","Mid",2016,FALSE,"Hybrid"
"SYN_00196","Core Java","Java","Programming Language",TRUE,"Software Engineering","Mid",2016,FALSE,"Hybrid"
"SYN_00197","playwright","Playwright","Tool/Methodology",TRUE,"QA & Test Automation","Senior",2021,FALSE,"Hybrid"
"SYN_00197","Cypress","Cypress","Tool/Methodology",TRUE,"QA & Test Automation","Senior",2021,FALSE,"Hybrid"
"SYN_00197","Java","Java","Programming Language",TRUE,"QA & Test Automation","Senior",2021,FALSE,"Hybrid"
"SYN_00197","JIRA","JIRA","Tool/Methodology",TRUE,"QA & Test Automation","Senior",2021,FALSE,"Hybrid"
"SYN_00197","Manual Testing","Manual Testing","Tool/Methodology",FALSE,"QA & Test Automation","Senior",2021,FALSE,"Hybrid"
"SYN_00197","JMeter","JMeter","Tool/Methodology",TRUE,"QA & Test Automation","Senior",2021,FALSE,"Hybrid"
"SYN_00198","TS","TypeScript","Programming Language",TRUE,"Software Engineering","Mid",2018,FALSE,"Hybrid"
"SYN_00198","MySQL","MySQL","Database",TRUE,"Software Engineering","Mid",2018,FALSE,"Hybrid"
"SYN_00198","docker","Docker","Cloud/DevOps",TRUE,"Software Engineering","Mid",2018,FALSE,"Hybrid"
"SYN_00198","SpringBoot","Spring Boot","Framework/Library",TRUE,"Software Engineering","Mid",2018,FALSE,"Hybrid"
"SYN_00199","postgres","PostgreSQL","Database",TRUE,"Software Engineering","Mid",2025,FALSE,"On-site"
"SYN_00199","Docker","Docker","Cloud/DevOps",TRUE,"Software Engineering","Mid",2025,FALSE,"On-site"
"SYN_00199","dot net",".NET","Framework/Library",TRUE,"Software Engineering","Mid",2025,FALSE,"On-site"
"SYN_00200","node","Node.js","Framework/Library",TRUE,"Software Engineering","Lead",2017,FALSE,"Hybrid"
"SYN_00200","dot net",".NET","Framework/Library",TRUE,"Software Engineering","Lead",2017,FALSE,"Hybrid"
"SYN_00200","PostgreSQL","PostgreSQL","Database",FALSE,"Software Engineering","Lead",2017,FALSE,"Hybrid"
"SYN_00201","JIRA","JIRA","Tool/Methodology",TRUE,"Management & Business Analysis","Junior",2016,TRUE,"Hybrid"
"SYN_00201","sql","SQL","Database",TRUE,"Management & Business Analysis","Junior",2016,TRUE,"Hybrid"
"SYN_00201","Business Analysis","Business Analysis","Domain/Other",TRUE,"Management & Business Analysis","Junior",2016,TRUE,"Hybrid"
"SYN_00201","Agile/Scrum","Agile","Tool/Methodology",TRUE,"Management & Business Analysis","Junior",2016,TRUE,"Hybrid"
"SYN_00201","Project Management","Project Management","Domain/Other",TRUE,"Management & Business Analysis","Junior",2016,TRUE,"Hybrid"
"SYN_00202","manual QA","Manual Testing","Tool/Methodology",TRUE,"QA & Test Automation","Mid",2019,FALSE,"Remote"
"SYN_00202","Java","Java","Programming Language",TRUE,"QA & Test Automation","Mid",2019,FALSE,"Remote"
"SYN_00202","JIRA","JIRA","Tool/Methodology",TRUE,"QA & Test Automation","Mid",2019,FALSE,"Remote"
"SYN_00202","selenium","Selenium","Tool/Methodology",TRUE,"QA & Test Automation","Mid",2019,FALSE,"Remote"
"SYN_00202","Playwright","Playwright","Tool/Methodology",FALSE,"QA & Test Automation","Mid",2019,FALSE,"Remote"
"SYN_00202","JMeter","JMeter","Tool/Methodology",FALSE,"QA & Test Automation","Mid",2019,FALSE,"Remote"
"SYN_00203","PostgreSQL","PostgreSQL","Database",TRUE,"Software Engineering","Junior",2016,TRUE,"Hybrid"
"SYN_00203","node","Node.js","Framework/Library",TRUE,"Software Engineering","Junior",2016,TRUE,"Hybrid"
"SYN_00203","TS","TypeScript","Programming Language",TRUE,"Software Engineering","Junior",2016,TRUE,"Hybrid"
"SYN_00204","NodeJS","Node.js","Framework/Library",TRUE,"Software Engineering","Mid",2020,FALSE,"Hybrid"
"SYN_00204","mysql","MySQL","Database",TRUE,"Software Engineering","Mid",2020,FALSE,"Hybrid"
"SYN_00204","REST APIs","REST API","Tool/Methodology",TRUE,"Software Engineering","Mid",2020,FALSE,"Hybrid"
"SYN_00204","Java","Java","Programming Language",FALSE,"Software Engineering","Mid",2020,FALSE,"Hybrid"
"SYN_00204","postgres","PostgreSQL","Database",TRUE,"Software Engineering","Mid",2020,FALSE,"Hybrid"
"SYN_00205","docker","Docker","Cloud/DevOps",TRUE,"Cloud & DevOps","Intern",2020,TRUE,"On-site"
"SYN_00205","AWS","AWS","Cloud/DevOps",TRUE,"Cloud & DevOps","Intern",2020,TRUE,"On-site"
"SYN_00205","Terraform","Terraform","Cloud/DevOps",FALSE,"Cloud & DevOps","Intern",2020,TRUE,"On-site"
"SYN_00206","Cypress.io","Cypress","Tool/Methodology",TRUE,"QA & Test Automation","Senior",2018,FALSE,"Remote"
"SYN_00206","Playwright","Playwright","Tool/Methodology",TRUE,"QA & Test Automation","Senior",2018,FALSE,"Remote"
"SYN_00206","Java","Java","Programming Language",FALSE,"QA & Test Automation","Senior",2018,FALSE,"Remote"
"SYN_00206","Selenium WebDriver","Selenium","Tool/Methodology",FALSE,"QA & Test Automation","Senior",2018,FALSE,"Remote"
"SYN_00207","Postman","Postman","Tool/Methodology",TRUE,"QA & Test Automation","Mid",2021,FALSE,"Remote"
"SYN_00207","Manual Testing","Manual Testing","Tool/Methodology",FALSE,"QA & Test Automation","Mid",2021,FALSE,"Remote"
"SYN_00207","Selenium","Selenium","Tool/Methodology",FALSE,"QA & Test Automation","Mid",2021,FALSE,"Remote"
"SYN_00207","Cypress.io","Cypress","Tool/Methodology",TRUE,"QA & Test Automation","Mid",2021,FALSE,"Remote"
"SYN_00207","JMeter","JMeter","Tool/Methodology",TRUE,"QA & Test Automation","Mid",2021,FALSE,"Remote"
"SYN_00207","Java","Java","Programming Language",TRUE,"QA & Test Automation","Mid",2021,FALSE,"Remote"
"SYN_00208","spring-boot","Spring Boot","Framework/Library",TRUE,"Software Engineering","Junior",2022,TRUE,"Hybrid"
"SYN_00208","java","Java","Programming Language",FALSE,"Software Engineering","Junior",2022,TRUE,"Hybrid"
"SYN_00208","node","Node.js","Framework/Library",TRUE,"Software Engineering","Junior",2022,TRUE,"Hybrid"
"SYN_00208","docker","Docker","Cloud/DevOps",TRUE,"Software Engineering","Junior",2022,TRUE,"Hybrid"
"SYN_00209","REACT","React","Framework/Library",TRUE,"Software Engineering","Mid",2021,FALSE,"Hybrid"
"SYN_00209","C#","C#","Programming Language",TRUE,"Software Engineering","Mid",2021,FALSE,"Hybrid"
"SYN_00209","TS","TypeScript","Programming Language",TRUE,"Software Engineering","Mid",2021,FALSE,"Hybrid"
"SYN_00210","JMeter","JMeter","Tool/Methodology",TRUE,"QA & Test Automation","Mid",2023,FALSE,"Remote"
"SYN_00210","JIRA","JIRA","Tool/Methodology",FALSE,"QA & Test Automation","Mid",2023,FALSE,"Remote"
"SYN_00210","Playwright","Playwright","Tool/Methodology",TRUE,"QA & Test Automation","Mid",2023,FALSE,"Remote"
"SYN_00211","Python 3","Python","Programming Language",FALSE,"Data & AI / ML","Junior",2019,TRUE,"Hybrid"
"SYN_00211","pandas","Pandas","Framework/Library",TRUE,"Data & AI / ML","Junior",2019,TRUE,"Hybrid"
"SYN_00211","PowerBI","Power BI","Tool/Methodology",TRUE,"Data & AI / ML","Junior",2019,TRUE,"Hybrid"
"SYN_00211","TensorFlow","TensorFlow","Framework/Library",FALSE,"Data & AI / ML","Junior",2019,TRUE,"Hybrid"
"SYN_00211","sql queries","SQL","Database",TRUE,"Data & AI / ML","Junior",2019,TRUE,"Hybrid"
"SYN_00211","pytorch","PyTorch","Framework/Library",FALSE,"Data & AI / ML","Junior",2019,TRUE,"Hybrid"
"SYN_00212","dot net",".NET","Framework/Library",TRUE,"Software Engineering","Intern",2018,TRUE,"On-site"
"SYN_00212","python","Python","Programming Language",TRUE,"Software Engineering","Intern",2018,TRUE,"On-site"
"SYN_00212","Java 17","Java","Programming Language",FALSE,"Software Engineering","Intern",2018,TRUE,"On-site"
"SYN_00212","Docker","Docker","Cloud/DevOps",TRUE,"Software Engineering","Intern",2018,TRUE,"On-site"
"SYN_00212","mysql","MySQL","Database",TRUE,"Software Engineering","Intern",2018,TRUE,"On-site"
"SYN_00213","TypeScript","TypeScript","Programming Language",TRUE,"Software Engineering","Senior",2018,FALSE,"On-site"
"SYN_00213",".NET Core",".NET","Framework/Library",TRUE,"Software Engineering","Senior",2018,FALSE,"On-site"
"SYN_00213","docker","Docker","Cloud/DevOps",FALSE,"Software Engineering","Senior",2018,FALSE,"On-site"
"SYN_00213","postgres","PostgreSQL","Database",TRUE,"Software Engineering","Senior",2018,FALSE,"On-site"
"SYN_00214","Playwright","Playwright","Tool/Methodology",TRUE,"QA & Test Automation","Lead",2018,FALSE,"Hybrid"
"SYN_00214","JIRA","JIRA","Tool/Methodology",FALSE,"QA & Test Automation","Lead",2018,FALSE,"Hybrid"
"SYN_00214","postman","Postman","Tool/Methodology",TRUE,"QA & Test Automation","Lead",2018,FALSE,"Hybrid"
"SYN_00215","jira","JIRA","Tool/Methodology",TRUE,"QA & Test Automation","Mid",2018,FALSE,"On-site"
"SYN_00215","Cypress.io","Cypress","Tool/Methodology",FALSE,"QA & Test Automation","Mid",2018,FALSE,"On-site"
"SYN_00215","postman","Postman","Tool/Methodology",TRUE,"QA & Test Automation","Mid",2018,FALSE,"On-site"
"SYN_00216","JIRA","JIRA","Tool/Methodology",TRUE,"Management & Business Analysis","Mid",2016,FALSE,"On-site"
"SYN_00216","Scrum","Agile","Tool/Methodology",FALSE,"Management & Business Analysis","Mid",2016,FALSE,"On-site"
"SYN_00216","Project Management","Project Management","Domain/Other",TRUE,"Management & Business Analysis","Mid",2016,FALSE,"On-site"
"SYN_00216","sql","SQL","Database",TRUE,"Management & Business Analysis","Mid",2016,FALSE,"On-site"
"SYN_00216","Business Analysis","Business Analysis","Domain/Other",TRUE,"Management & Business Analysis","Mid",2016,FALSE,"On-site"
"SYN_00217","Cypress.io","Cypress","Tool/Methodology",TRUE,"QA & Test Automation","Mid",2025,FALSE,"On-site"
"SYN_00217","Postman","Postman","Tool/Methodology",TRUE,"QA & Test Automation","Mid",2025,FALSE,"On-site"
"SYN_00217","playwright","Playwright","Tool/Methodology",TRUE,"QA & Test Automation","Mid",2025,FALSE,"On-site"
"SYN_00217","JIRA","JIRA","Tool/Methodology",TRUE,"QA & Test Automation","Mid",2025,FALSE,"On-site"
"SYN_00218","c#","C#","Programming Language",TRUE,"Software Engineering","Junior",2018,TRUE,"On-site"
"SYN_00218","mysql","MySQL","Database",TRUE,"Software Engineering","Junior",2018,TRUE,"On-site"
"SYN_00218","Spring Boot","Spring Boot","Framework/Library",FALSE,"Software Engineering","Junior",2018,TRUE,"On-site"
"SYN_00218","NodeJS","Node.js","Framework/Library",FALSE,"Software Engineering","Junior",2018,TRUE,"On-site"
"SYN_00219","c#","C#","Programming Language",TRUE,"Software Engineering","Mid",2017,FALSE,"Hybrid"
"SYN_00219","NodeJS","Node.js","Framework/Library",FALSE,"Software Engineering","Mid",2017,FALSE,"Hybrid"
"SYN_00219","Docker","Docker","Cloud/DevOps",TRUE,"Software Engineering","Mid",2017,FALSE,"Hybrid"
"SYN_00219","Core Java","Java","Programming Language",TRUE,"Software Engineering","Mid",2017,FALSE,"Hybrid"
"SYN_00219","python","Python","Programming Language",TRUE,"Software Engineering","Mid",2017,FALSE,"Hybrid"
"SYN_00220","React","React","Framework/Library",TRUE,"Software Engineering","Senior",2019,FALSE,"Hybrid"
"SYN_00220","REST APIs","REST API","Tool/Methodology",TRUE,"Software Engineering","Senior",2019,FALSE,"Hybrid"
"SYN_00220",".NET Core",".NET","Framework/Library",TRUE,"Software Engineering","Senior",2019,FALSE,"Hybrid"
"SYN_00220","Postgresql","PostgreSQL","Database",TRUE,"Software Engineering","Senior",2019,FALSE,"Hybrid"
"SYN_00220","node","Node.js","Framework/Library",TRUE,"Software Engineering","Senior",2019,FALSE,"Hybrid"
"SYN_00221","playwright","Playwright","Tool/Methodology",FALSE,"QA & Test Automation","Mid",2017,FALSE,"Remote"
"SYN_00221","Cypress.io","Cypress","Tool/Methodology",TRUE,"QA & Test Automation","Mid",2017,FALSE,"Remote"
"SYN_00221","JMeter","JMeter","Tool/Methodology",TRUE,"QA & Test Automation","Mid",2017,FALSE,"Remote"
"SYN_00222","Selenium WebDriver","Selenium","Tool/Methodology",TRUE,"QA & Test Automation","Mid",2019,FALSE,"Hybrid"
"SYN_00222","Playwright","Playwright","Tool/Methodology",TRUE,"QA & Test Automation","Mid",2019,FALSE,"Hybrid"
"SYN_00222","Java","Java","Programming Language",FALSE,"QA & Test Automation","Mid",2019,FALSE,"Hybrid"
"SYN_00222","jmeter","JMeter","Tool/Methodology",TRUE,"QA & Test Automation","Mid",2019,FALSE,"Hybrid"
"SYN_00223","c#","C#","Programming Language",TRUE,"Software Engineering","Mid",2022,FALSE,"Hybrid"
"SYN_00223","SpringBoot","Spring Boot","Framework/Library",TRUE,"Software Engineering","Mid",2022,FALSE,"Hybrid"
"SYN_00223","TypeScript","TypeScript","Programming Language",TRUE,"Software Engineering","Mid",2022,FALSE,"Hybrid"
"SYN_00223","PostgreSQL","PostgreSQL","Database",TRUE,"Software Engineering","Mid",2022,FALSE,"Hybrid"
"SYN_00223",".NET Core",".NET","Framework/Library",TRUE,"Software Engineering","Mid",2022,FALSE,"Hybrid"
"SYN_00224","playwright","Playwright","Tool/Methodology",TRUE,"QA & Test Automation","Mid",2026,FALSE,"Remote"
"SYN_00224","Manual Testing","Manual Testing","Tool/Methodology",TRUE,"QA & Test Automation","Mid",2026,FALSE,"Remote"
"SYN_00224","Java","Java","Programming Language",FALSE,"QA & Test Automation","Mid",2026,FALSE,"Remote"
"SYN_00224","Postman","Postman","Tool/Methodology",TRUE,"QA & Test Automation","Mid",2026,FALSE,"Remote"
"SYN_00225","Ubuntu/RHEL","Linux","Tool/Methodology",TRUE,"Cloud & DevOps","Senior",2017,FALSE,"Hybrid"
"SYN_00225","Microsoft Azure","Azure","Cloud/DevOps",FALSE,"Cloud & DevOps","Senior",2017,FALSE,"Hybrid"
"SYN_00225","Kubernetes","Kubernetes","Cloud/DevOps",FALSE,"Cloud & DevOps","Senior",2017,FALSE,"Hybrid"
"SYN_00226","CI-CD Pipelines","CI/CD","Tool/Methodology",TRUE,"Cloud & DevOps","Senior",2026,FALSE,"On-site"
"SYN_00226","Kubernetes","Kubernetes","Cloud/DevOps",FALSE,"Cloud & DevOps","Senior",2026,FALSE,"On-site"
"SYN_00226","Amazon Web Services","AWS","Cloud/DevOps",TRUE,"Cloud & DevOps","Senior",2026,FALSE,"On-site"
"SYN_00226","Docker","Docker","Cloud/DevOps",TRUE,"Cloud & DevOps","Senior",2026,FALSE,"On-site"
"SYN_00227","UX Research","UX Research","Domain/Other",FALSE,"UI/UX & Product Design","Junior",2021,TRUE,"On-site"
"SYN_00227","Wireframing","Wireframing","Domain/Other",TRUE,"UI/UX & Product Design","Junior",2021,TRUE,"On-site"
"SYN_00227","Prototyping","Prototyping","Domain/Other",TRUE,"UI/UX & Product Design","Junior",2021,TRUE,"On-site"
"SYN_00227","Design Tokens","Design Tokens","Domain/Other",TRUE,"UI/UX & Product Design","Junior",2021,TRUE,"On-site"
"SYN_00228","REST APIs","REST API","Tool/Methodology",TRUE,"Software Engineering","Mid",2022,FALSE,"Hybrid"
"SYN_00228","REACT","React","Framework/Library",TRUE,"Software Engineering","Mid",2022,FALSE,"Hybrid"
"SYN_00228","Spring Boot","Spring Boot","Framework/Library",TRUE,"Software Engineering","Mid",2022,FALSE,"Hybrid"
"SYN_00228","Postgresql","PostgreSQL","Database",TRUE,"Software Engineering","Mid",2022,FALSE,"Hybrid"
"SYN_00228","Python3","Python","Programming Language",TRUE,"Software Engineering","Mid",2022,FALSE,"Hybrid"
"SYN_00228","node","Node.js","Framework/Library",TRUE,"Software Engineering","Mid",2022,FALSE,"Hybrid"
"SYN_00229","Prototyping","Prototyping","Domain/Other",TRUE,"UI/UX & Product Design","Mid",2016,FALSE,"Remote"
"SYN_00229","wireframes","Wireframes","Domain/Other",TRUE,"UI/UX & Product Design","Mid",2016,FALSE,"Remote"
"SYN_00229","User Research","User Research","Domain/Other",TRUE,"UI/UX & Product Design","Mid",2016,FALSE,"Remote"
"SYN_00229","Design Systems","Design Systems","Domain/Other",TRUE,"UI/UX & Product Design","Mid",2016,FALSE,"Remote"
"SYN_00229","FIGMA","Figma","Tool/Methodology",TRUE,"UI/UX & Product Design","Mid",2016,FALSE,"Remote"
"SYN_00230","Power BI","Power BI","Tool/Methodology",TRUE,"Data & AI / ML","Junior",2018,TRUE,"Hybrid"
"SYN_00230","Python","Python","Programming Language",TRUE,"Data & AI / ML","Junior",2018,TRUE,"Hybrid"
"SYN_00230","Apache Spark","Spark","Framework/Library",FALSE,"Data & AI / ML","Junior",2018,TRUE,"Hybrid"
"SYN_00231","Java","Java","Programming Language",TRUE,"Software Engineering","Senior",2016,FALSE,"Hybrid"
"SYN_00231","mysql","MySQL","Database",TRUE,"Software Engineering","Senior",2016,FALSE,"Hybrid"
"SYN_00231","Docker","Docker","Cloud/DevOps",TRUE,"Software Engineering","Senior",2016,FALSE,"Hybrid"
"SYN_00231","c#","C#","Programming Language",TRUE,"Software Engineering","Senior",2016,FALSE,"Hybrid"
"SYN_00232","NodeJS","Node.js","Framework/Library",FALSE,"Software Engineering","Mid",2018,FALSE,"Remote"
"SYN_00232",".NET Core",".NET","Framework/Library",TRUE,"Software Engineering","Mid",2018,FALSE,"Remote"
"SYN_00232","spring-boot","Spring Boot","Framework/Library",TRUE,"Software Engineering","Mid",2018,FALSE,"Remote"
"SYN_00232","REST APIs","REST API","Tool/Methodology",TRUE,"Software Engineering","Mid",2018,FALSE,"Remote"
"SYN_00232","MySQL","MySQL","Database",TRUE,"Software Engineering","Mid",2018,FALSE,"Remote"
"SYN_00233","dot net",".NET","Framework/Library",TRUE,"Software Engineering","Senior",2022,FALSE,"Remote"
"SYN_00233","Python","Python","Programming Language",TRUE,"Software Engineering","Senior",2022,FALSE,"Remote"
"SYN_00233","PostgreSQL","PostgreSQL","Database",TRUE,"Software Engineering","Senior",2022,FALSE,"Remote"
"SYN_00233","typescript","TypeScript","Programming Language",TRUE,"Software Engineering","Senior",2022,FALSE,"Remote"
"SYN_00233","java","Java","Programming Language",TRUE,"Software Engineering","Senior",2022,FALSE,"Remote"
"SYN_00234","manual QA","Manual Testing","Tool/Methodology",TRUE,"QA & Test Automation","Mid",2025,FALSE,"Hybrid"
"SYN_00234","jmeter","JMeter","Tool/Methodology",TRUE,"QA & Test Automation","Mid",2025,FALSE,"Hybrid"
"SYN_00234","Java","Java","Programming Language",TRUE,"QA & Test Automation","Mid",2025,FALSE,"Hybrid"
"SYN_00234","JIRA","JIRA","Tool/Methodology",TRUE,"QA & Test Automation","Mid",2025,FALSE,"Hybrid"
"SYN_00234","Cypress","Cypress","Tool/Methodology",TRUE,"QA & Test Automation","Mid",2025,FALSE,"Hybrid"
"SYN_00235","pytorch","PyTorch","Framework/Library",TRUE,"Data & AI / ML","Senior",2018,FALSE,"Hybrid"
"SYN_00235","tensorflow","TensorFlow","Framework/Library",TRUE,"Data & AI / ML","Senior",2018,FALSE,"Hybrid"
"SYN_00235","Apache Spark","Spark","Framework/Library",TRUE,"Data & AI / ML","Senior",2018,FALSE,"Hybrid"
"SYN_00235","Advanced SQL","SQL","Database",TRUE,"Data & AI / ML","Senior",2018,FALSE,"Hybrid"
"SYN_00236","JMeter","JMeter","Tool/Methodology",FALSE,"QA & Test Automation","Senior",2022,FALSE,"On-site"
"SYN_00236","Selenium WebDriver","Selenium","Tool/Methodology",TRUE,"QA & Test Automation","Senior",2022,FALSE,"On-site"
"SYN_00236","JIRA","JIRA","Tool/Methodology",TRUE,"QA & Test Automation","Senior",2022,FALSE,"On-site"
"SYN_00236","Cypress","Cypress","Tool/Methodology",TRUE,"QA & Test Automation","Senior",2022,FALSE,"On-site"
"SYN_00236","Java","Java","Programming Language",TRUE,"QA & Test Automation","Senior",2022,FALSE,"On-site"
"SYN_00237","AWS Cloud","AWS","Cloud/DevOps",FALSE,"Cloud & DevOps","Lead",2020,FALSE,"Hybrid"
"SYN_00237","IaC","Terraform","Cloud/DevOps",TRUE,"Cloud & DevOps","Lead",2020,FALSE,"Hybrid"
"SYN_00237","Azure","Azure","Cloud/DevOps",TRUE,"Cloud & DevOps","Lead",2020,FALSE,"Hybrid"
"SYN_00237","linux administration","Linux","Tool/Methodology",TRUE,"Cloud & DevOps","Lead",2020,FALSE,"Hybrid"
"SYN_00237","CI-CD Pipelines","CI/CD","Tool/Methodology",TRUE,"Cloud & DevOps","Lead",2020,FALSE,"Hybrid"
"SYN_00238","Postgresql","PostgreSQL","Database",FALSE,"Software Engineering","Intern",2025,TRUE,"Remote"
"SYN_00238","dot net",".NET","Framework/Library",FALSE,"Software Engineering","Intern",2025,TRUE,"Remote"
"SYN_00238","TypeScript","TypeScript","Programming Language",FALSE,"Software Engineering","Intern",2025,TRUE,"Remote"
"SYN_00239","linux administration","Linux","Tool/Methodology",FALSE,"Cloud & DevOps","Mid",2021,FALSE,"Hybrid"
"SYN_00239","Azure","Azure","Cloud/DevOps",TRUE,"Cloud & DevOps","Mid",2021,FALSE,"Hybrid"
"SYN_00239","docker","Docker","Cloud/DevOps",FALSE,"Cloud & DevOps","Mid",2021,FALSE,"Hybrid"
"SYN_00239","GitLab CI","CI/CD","Tool/Methodology",TRUE,"Cloud & DevOps","Mid",2021,FALSE,"Hybrid"
"SYN_00240","PostgreSQL","PostgreSQL","Database",TRUE,"Software Engineering","Mid",2024,FALSE,"On-site"
"SYN_00240","Python","Python","Programming Language",FALSE,"Software Engineering","Mid",2024,FALSE,"On-site"
"SYN_00240","react.js","React","Framework/Library",TRUE,"Software Engineering","Mid",2024,FALSE,"On-site"
"SYN_00240","spring-boot","Spring Boot","Framework/Library",TRUE,"Software Engineering","Mid",2024,FALSE,"On-site"
"SYN_00240","C#","C#","Programming Language",TRUE,"Software Engineering","Mid",2024,FALSE,"On-site"
"SYN_00240","NodeJS","Node.js","Framework/Library",TRUE,"Software Engineering","Mid",2024,FALSE,"On-site"
"SYN_00241","PyTorch","PyTorch","Framework/Library",TRUE,"Data & AI / ML","Mid",2024,FALSE,"On-site"
"SYN_00241","sql queries","SQL","Database",TRUE,"Data & AI / ML","Mid",2024,FALSE,"On-site"
"SYN_00241","Apache Spark","Spark","Framework/Library",TRUE,"Data & AI / ML","Mid",2024,FALSE,"On-site"
"SYN_00241","Python 3","Python","Programming Language",TRUE,"Data & AI / ML","Mid",2024,FALSE,"On-site"
"SYN_00242","Cypress.io","Cypress","Tool/Methodology",TRUE,"QA & Test Automation","Mid",2019,FALSE,"Hybrid"
"SYN_00242","JIRA","JIRA","Tool/Methodology",TRUE,"QA & Test Automation","Mid",2019,FALSE,"Hybrid"
"SYN_00242","jmeter","JMeter","Tool/Methodology",TRUE,"QA & Test Automation","Mid",2019,FALSE,"Hybrid"
"SYN_00242","postman","Postman","Tool/Methodology",TRUE,"QA & Test Automation","Mid",2019,FALSE,"Hybrid"
"SYN_00242","Manual Testing","Manual Testing","Tool/Methodology",TRUE,"QA & Test Automation","Mid",2019,FALSE,"Hybrid"
"SYN_00243","Linux","Linux","Tool/Methodology",FALSE,"Cyber Security","Senior",2018,FALSE,"Remote"
"SYN_00243","ISO 27001","ISO 27001","Domain/Other",TRUE,"Cyber Security","Senior",2018,FALSE,"Remote"
"SYN_00243","Vulnerability Assessment","Vulnerability Assessment","Domain/Other",TRUE,"Cyber Security","Senior",2018,FALSE,"Remote"
"SYN_00244","react.js","React","Framework/Library",FALSE,"Software Engineering","Senior",2017,FALSE,"Hybrid"
"SYN_00244",".NET",".NET","Framework/Library",TRUE,"Software Engineering","Senior",2017,FALSE,"Hybrid"
"SYN_00244","mysql","MySQL","Database",TRUE,"Software Engineering","Senior",2017,FALSE,"Hybrid"
"SYN_00245","AWS","AWS","Cloud/DevOps",TRUE,"Cloud & DevOps","Senior",2022,FALSE,"On-site"
"SYN_00245","docker","Docker","Cloud/DevOps",TRUE,"Cloud & DevOps","Senior",2022,FALSE,"On-site"
"SYN_00245","Linux","Linux","Tool/Methodology",TRUE,"Cloud & DevOps","Senior",2022,FALSE,"On-site"
"SYN_00245","K8s","Kubernetes","Cloud/DevOps",TRUE,"Cloud & DevOps","Senior",2022,FALSE,"On-site"
"SYN_00245","terraform","Terraform","Cloud/DevOps",TRUE,"Cloud & DevOps","Senior",2022,FALSE,"On-site"
"SYN_00246","MySQL","MySQL","Database",TRUE,"Software Engineering","Mid",2019,FALSE,"Hybrid"
"SYN_00246","C#","C#","Programming Language",TRUE,"Software Engineering","Mid",2019,FALSE,"Hybrid"
"SYN_00246","Docker","Docker","Cloud/DevOps",TRUE,"Software Engineering","Mid",2019,FALSE,"Hybrid"
"SYN_00246","node","Node.js","Framework/Library",TRUE,"Software Engineering","Mid",2019,FALSE,"Hybrid"
"SYN_00246",".NET",".NET","Framework/Library",FALSE,"Software Engineering","Mid",2019,FALSE,"Hybrid"
"SYN_00247","mysql","MySQL","Database",TRUE,"Software Engineering","Junior",2017,TRUE,"On-site"
"SYN_00247","Core Java","Java","Programming Language",FALSE,"Software Engineering","Junior",2017,TRUE,"On-site"
"SYN_00247",".NET",".NET","Framework/Library",TRUE,"Software Engineering","Junior",2017,TRUE,"On-site"
"SYN_00247","REACT","React","Framework/Library",TRUE,"Software Engineering","Junior",2017,TRUE,"On-site"
"SYN_00247","RESTful API","REST API","Tool/Methodology",TRUE,"Software Engineering","Junior",2017,TRUE,"On-site"
"SYN_00248","terraform","Terraform","Cloud/DevOps",TRUE,"Cloud & DevOps","Junior",2021,TRUE,"On-site"
"SYN_00248","K8s","Kubernetes","Cloud/DevOps",FALSE,"Cloud & DevOps","Junior",2021,TRUE,"On-site"
"SYN_00248","Linux","Linux","Tool/Methodology",TRUE,"Cloud & DevOps","Junior",2021,TRUE,"On-site"
"SYN_00248","Microsoft Azure","Azure","Cloud/DevOps",TRUE,"Cloud & DevOps","Junior",2021,TRUE,"On-site"
"SYN_00248","CI/CD","CI/CD","Tool/Methodology",TRUE,"Cloud & DevOps","Junior",2021,TRUE,"On-site"
"SYN_00249","REST APIs","REST API","Tool/Methodology",FALSE,"Software Engineering","Mid",2018,FALSE,"Hybrid"
"SYN_00249","C#.NET","C#","Programming Language",TRUE,"Software Engineering","Mid",2018,FALSE,"Hybrid"
"SYN_00249","TS","TypeScript","Programming Language",TRUE,"Software Engineering","Mid",2018,FALSE,"Hybrid"
"SYN_00249","Java 17","Java","Programming Language",TRUE,"Software Engineering","Mid",2018,FALSE,"Hybrid"
"SYN_00249","docker","Docker","Cloud/DevOps",TRUE,"Software Engineering","Mid",2018,FALSE,"Hybrid"
"SYN_00250","Postgresql","PostgreSQL","Database",TRUE,"Software Engineering","Mid",2016,FALSE,"Remote"
"SYN_00250","MySQL","MySQL","Database",TRUE,"Software Engineering","Mid",2016,FALSE,"Remote"
"SYN_00250","docker","Docker","Cloud/DevOps",TRUE,"Software Engineering","Mid",2016,FALSE,"Remote"
"SYN_00250","TypeScript","TypeScript","Programming Language",TRUE,"Software Engineering","Mid",2016,FALSE,"Remote"
"SYN_00251","PostgreSQL","PostgreSQL","Database",TRUE,"Software Engineering","Junior",2024,TRUE,"Remote"
"SYN_00251","SpringBoot","Spring Boot","Framework/Library",TRUE,"Software Engineering","Junior",2024,TRUE,"Remote"
"SYN_00251",".NET",".NET","Framework/Library",TRUE,"Software Engineering","Junior",2024,TRUE,"Remote"
"SYN_00251","TypeScript","TypeScript","Programming Language",TRUE,"Software Engineering","Junior",2024,TRUE,"Remote"
"SYN_00251","docker","Docker","Cloud/DevOps",TRUE,"Software Engineering","Junior",2024,TRUE,"Remote"
"SYN_00251","python","Python","Programming Language",TRUE,"Software Engineering","Junior",2024,TRUE,"Remote"
"SYN_00252","Spring Boot","Spring Boot","Framework/Library",TRUE,"Software Engineering","Mid",2023,FALSE,"On-site"
"SYN_00252","TypeScript","TypeScript","Programming Language",TRUE,"Software Engineering","Mid",2023,FALSE,"On-site"
"SYN_00252","REST","REST","Domain/Other",TRUE,"Software Engineering","Mid",2023,FALSE,"On-site"
"SYN_00253","Cypress","Cypress","Tool/Methodology",TRUE,"QA & Test Automation","Mid",2021,FALSE,"On-site"
"SYN_00253","Playwright","Playwright","Tool/Methodology",TRUE,"QA & Test Automation","Mid",2021,FALSE,"On-site"
"SYN_00253","Java","Java","Programming Language",FALSE,"QA & Test Automation","Mid",2021,FALSE,"On-site"
"SYN_00253","JMeter","JMeter","Tool/Methodology",TRUE,"QA & Test Automation","Mid",2021,FALSE,"On-site"
"SYN_00253","postman","Postman","Tool/Methodology",TRUE,"QA & Test Automation","Mid",2021,FALSE,"On-site"
"SYN_00253","Manual Testing","Manual Testing","Tool/Methodology",TRUE,"QA & Test Automation","Mid",2021,FALSE,"On-site"
"SYN_00254","docker","Docker","Cloud/DevOps",TRUE,"Software Engineering","Mid",2021,FALSE,"Hybrid"
"SYN_00254","Python","Python","Programming Language",FALSE,"Software Engineering","Mid",2021,FALSE,"Hybrid"
"SYN_00254","NodeJS","Node.js","Framework/Library",FALSE,"Software Engineering","Mid",2021,FALSE,"Hybrid"
"SYN_00254","ReactJS","React","Framework/Library",TRUE,"Software Engineering","Mid",2021,FALSE,"Hybrid"
"SYN_00255","REACT","React","Framework/Library",TRUE,"Software Engineering","Intern",2016,TRUE,"On-site"
"SYN_00255","Core Java","Java","Programming Language",TRUE,"Software Engineering","Intern",2016,TRUE,"On-site"
"SYN_00255","NodeJS","Node.js","Framework/Library",TRUE,"Software Engineering","Intern",2016,TRUE,"On-site"
"SYN_00255","Postgresql","PostgreSQL","Database",TRUE,"Software Engineering","Intern",2016,TRUE,"On-site"
"SYN_00255","Python3","Python","Programming Language",TRUE,"Software Engineering","Intern",2016,TRUE,"On-site"
"SYN_00256","Postman","Postman","Tool/Methodology",TRUE,"QA & Test Automation","Mid",2025,FALSE,"On-site"
"SYN_00256","Manual Testing","Manual Testing","Tool/Methodology",TRUE,"QA & Test Automation","Mid",2025,FALSE,"On-site"
"SYN_00256","Cypress","Cypress","Tool/Methodology",TRUE,"QA & Test Automation","Mid",2025,FALSE,"On-site"
"SYN_00256","playwright","Playwright","Tool/Methodology",TRUE,"QA & Test Automation","Mid",2025,FALSE,"On-site"
"SYN_00257","k8s","Kubernetes","Cloud/DevOps",TRUE,"Cloud & DevOps","Senior",2018,FALSE,"Hybrid"
"SYN_00257","azure","Azure","Cloud/DevOps",TRUE,"Cloud & DevOps","Senior",2018,FALSE,"Hybrid"
"SYN_00257","Amazon Web Services","AWS","Cloud/DevOps",TRUE,"Cloud & DevOps","Senior",2018,FALSE,"Hybrid"
"SYN_00258","Manual Testing","Manual Testing","Tool/Methodology",TRUE,"QA & Test Automation","Mid",2022,FALSE,"On-site"
"SYN_00258","JIRA","JIRA","Tool/Methodology",TRUE,"QA & Test Automation","Mid",2022,FALSE,"On-site"
"SYN_00258","Cypress","Cypress","Tool/Methodology",TRUE,"QA & Test Automation","Mid",2022,FALSE,"On-site"
"SYN_00258","Postman","Postman","Tool/Methodology",TRUE,"QA & Test Automation","Mid",2022,FALSE,"On-site"
"SYN_00258","JMeter","JMeter","Tool/Methodology",TRUE,"QA & Test Automation","Mid",2022,FALSE,"On-site"
"SYN_00259","Requirements Analysis","Requirements Analysis","Domain/Other",FALSE,"Management & Business Analysis","Senior",2020,FALSE,"Hybrid"
"SYN_00259","SQL","SQL","Database",TRUE,"Management & Business Analysis","Senior",2020,FALSE,"Hybrid"
"SYN_00259","Project Management","Project Management","Domain/Other",TRUE,"Management & Business Analysis","Senior",2020,FALSE,"Hybrid"
"SYN_00259","Agile","Agile","Tool/Methodology",TRUE,"Management & Business Analysis","Senior",2020,FALSE,"Hybrid"
"SYN_00259","jira / confluence","JIRA","Tool/Methodology",TRUE,"Management & Business Analysis","Senior",2020,FALSE,"Hybrid"
"SYN_00260","IaC","Terraform","Cloud/DevOps",TRUE,"Cloud & DevOps","Mid",2016,FALSE,"On-site"
"SYN_00260","Microsoft Azure","Azure","Cloud/DevOps",FALSE,"Cloud & DevOps","Mid",2016,FALSE,"On-site"
"SYN_00260","Linux","Linux","Tool/Methodology",TRUE,"Cloud & DevOps","Mid",2016,FALSE,"On-site"
"SYN_00260","CI-CD Pipelines","CI/CD","Tool/Methodology",FALSE,"Cloud & DevOps","Mid",2016,FALSE,"On-site"
"SYN_00260","docker","Docker","Cloud/DevOps",TRUE,"Cloud & DevOps","Mid",2016,FALSE,"On-site"
"SYN_00260","k8s","Kubernetes","Cloud/DevOps",FALSE,"Cloud & DevOps","Mid",2016,FALSE,"On-site"
"SYN_00261","Kubernetes","Kubernetes","Cloud/DevOps",TRUE,"Cloud & DevOps","Mid",2022,FALSE,"Remote"
"SYN_00261","AWS","AWS","Cloud/DevOps",TRUE,"Cloud & DevOps","Mid",2022,FALSE,"Remote"
"SYN_00261","Terraform","Terraform","Cloud/DevOps",FALSE,"Cloud & DevOps","Mid",2022,FALSE,"Remote"
"SYN_00261","CI-CD Pipelines","CI/CD","Tool/Methodology",TRUE,"Cloud & DevOps","Mid",2022,FALSE,"Remote"
"SYN_00261","docker","Docker","Cloud/DevOps",TRUE,"Cloud & DevOps","Mid",2022,FALSE,"Remote"
"SYN_00261","azure","Azure","Cloud/DevOps",TRUE,"Cloud & DevOps","Mid",2022,FALSE,"Remote"
"SYN_00262","typescript","TypeScript","Programming Language",TRUE,"Software Engineering","Senior",2022,FALSE,"Hybrid"
"SYN_00262","python","Python","Programming Language",TRUE,"Software Engineering","Senior",2022,FALSE,"Hybrid"
"SYN_00262",".NET",".NET","Framework/Library",TRUE,"Software Engineering","Senior",2022,FALSE,"Hybrid"
"SYN_00262","REST APIs","REST API","Tool/Methodology",TRUE,"Software Engineering","Senior",2022,FALSE,"Hybrid"
"SYN_00263","spring-boot","Spring Boot","Framework/Library",TRUE,"Software Engineering","Senior",2024,FALSE,"Hybrid"
"SYN_00263","node","Node.js","Framework/Library",TRUE,"Software Engineering","Senior",2024,FALSE,"Hybrid"
"SYN_00263","docker","Docker","Cloud/DevOps",FALSE,"Software Engineering","Senior",2024,FALSE,"Hybrid"
"SYN_00263","TypeScript","TypeScript","Programming Language",TRUE,"Software Engineering","Senior",2024,FALSE,"Hybrid"
"SYN_00264","REST APIs","REST API","Tool/Methodology",TRUE,"Software Engineering","Junior",2016,TRUE,"Hybrid"
"SYN_00264","TypeScript","TypeScript","Programming Language",TRUE,"Software Engineering","Junior",2016,TRUE,"Hybrid"
"SYN_00264","python","Python","Programming Language",TRUE,"Software Engineering","Junior",2016,TRUE,"Hybrid"
"SYN_00264","Node.js","Node.js","Framework/Library",TRUE,"Software Engineering","Junior",2016,TRUE,"Hybrid"
"SYN_00264","MySQL","MySQL","Database",TRUE,"Software Engineering","Junior",2016,TRUE,"Hybrid"
"SYN_00265","typescript","TypeScript","Programming Language",FALSE,"Software Engineering","Mid",2025,FALSE,"Hybrid"
"SYN_00265","Spring Boot","Spring Boot","Framework/Library",TRUE,"Software Engineering","Mid",2025,FALSE,"Hybrid"
"SYN_00265","C#.NET","C#","Programming Language",TRUE,"Software Engineering","Mid",2025,FALSE,"Hybrid"
"SYN_00265","Java","Java","Programming Language",FALSE,"Software Engineering","Mid",2025,FALSE,"Hybrid"
"SYN_00265","RESTful API","REST API","Tool/Methodology",TRUE,"Software Engineering","Mid",2025,FALSE,"Hybrid"
"SYN_00265","Postgresql","PostgreSQL","Database",TRUE,"Software Engineering","Mid",2025,FALSE,"Hybrid"
"SYN_00266","TypeScript","TypeScript","Programming Language",TRUE,"Software Engineering","Mid",2019,FALSE,"On-site"
"SYN_00266","Spring Boot","Spring Boot","Framework/Library",TRUE,"Software Engineering","Mid",2019,FALSE,"On-site"
"SYN_00266","node","Node.js","Framework/Library",TRUE,"Software Engineering","Mid",2019,FALSE,"On-site"
"SYN_00266","postgres","PostgreSQL","Database",FALSE,"Software Engineering","Mid",2019,FALSE,"On-site"
"SYN_00266","Java","Java","Programming Language",TRUE,"Software Engineering","Mid",2019,FALSE,"On-site"
"SYN_00267","Spring Boot","Spring Boot","Framework/Library",TRUE,"Software Engineering","Junior",2018,TRUE,"On-site"
"SYN_00267","node","Node.js","Framework/Library",TRUE,"Software Engineering","Junior",2018,TRUE,"On-site"
"SYN_00267","REACT","React","Framework/Library",TRUE,"Software Engineering","Junior",2018,TRUE,"On-site"
"SYN_00267","Python","Python","Programming Language",TRUE,"Software Engineering","Junior",2018,TRUE,"On-site"
"SYN_00268","RESTful API","REST API","Tool/Methodology",TRUE,"Software Engineering","Intern",2022,TRUE,"On-site"
"SYN_00268","c#","C#","Programming Language",TRUE,"Software Engineering","Intern",2022,TRUE,"On-site"
"SYN_00268","docker","Docker","Cloud/DevOps",TRUE,"Software Engineering","Intern",2022,TRUE,"On-site"
"SYN_00268","Spring Boot","Spring Boot","Framework/Library",TRUE,"Software Engineering","Intern",2022,TRUE,"On-site"
"SYN_00268","dot net",".NET","Framework/Library",FALSE,"Software Engineering","Intern",2022,TRUE,"On-site"
"SYN_00269","CI/CD","CI/CD","Tool/Methodology",TRUE,"Cloud & DevOps","Mid",2017,FALSE,"On-site"
"SYN_00269","K8s","Kubernetes","Cloud/DevOps",FALSE,"Cloud & DevOps","Mid",2017,FALSE,"On-site"
"SYN_00269","terraform","Terraform","Cloud/DevOps",TRUE,"Cloud & DevOps","Mid",2017,FALSE,"On-site"
"SYN_00269","AWS","AWS","Cloud/DevOps",FALSE,"Cloud & DevOps","Mid",2017,FALSE,"On-site"
"SYN_00269","Ubuntu/RHEL","Linux","Tool/Methodology",TRUE,"Cloud & DevOps","Mid",2017,FALSE,"On-site"
"SYN_00269","Docker","Docker","Cloud/DevOps",TRUE,"Cloud & DevOps","Mid",2017,FALSE,"On-site"
"SYN_00270","playwright","Playwright","Tool/Methodology",FALSE,"QA & Test Automation","Mid",2018,FALSE,"Remote"
"SYN_00270","selenium","Selenium","Tool/Methodology",TRUE,"QA & Test Automation","Mid",2018,FALSE,"Remote"
"SYN_00270","Java","Java","Programming Language",FALSE,"QA & Test Automation","Mid",2018,FALSE,"Remote"
"SYN_00270","jmeter","JMeter","Tool/Methodology",TRUE,"QA & Test Automation","Mid",2018,FALSE,"Remote"
"SYN_00270","manual QA","Manual Testing","Tool/Methodology",TRUE,"QA & Test Automation","Mid",2018,FALSE,"Remote"
"SYN_00270","Postman","Postman","Tool/Methodology",TRUE,"QA & Test Automation","Mid",2018,FALSE,"Remote"
"SYN_00271","Apache Spark","Spark","Framework/Library",FALSE,"Data & AI / ML","Junior",2020,TRUE,"Remote"
"SYN_00271","sql queries","SQL","Database",TRUE,"Data & AI / ML","Junior",2020,TRUE,"Remote"
"SYN_00271","PyTorch","PyTorch","Framework/Library",TRUE,"Data & AI / ML","Junior",2020,TRUE,"Remote"
"SYN_00272","ReactJS","React","Framework/Library",TRUE,"Software Engineering","Senior",2025,FALSE,"Hybrid"
"SYN_00272","Java","Java","Programming Language",FALSE,"Software Engineering","Senior",2025,FALSE,"Hybrid"
"SYN_00272",".NET",".NET","Framework/Library",TRUE,"Software Engineering","Senior",2025,FALSE,"Hybrid"
"SYN_00272","NodeJS","Node.js","Framework/Library",TRUE,"Software Engineering","Senior",2025,FALSE,"Hybrid"
"SYN_00272","python","Python","Programming Language",TRUE,"Software Engineering","Senior",2025,FALSE,"Hybrid"
"SYN_00272","REST","REST","Domain/Other",TRUE,"Software Engineering","Senior",2025,FALSE,"Hybrid"
"SYN_00273",".NET Core",".NET","Framework/Library",TRUE,"Software Engineering","Mid",2016,FALSE,"On-site"
"SYN_00273","Spring Boot","Spring Boot","Framework/Library",TRUE,"Software Engineering","Mid",2016,FALSE,"On-site"
"SYN_00273","MySQL","MySQL","Database",TRUE,"Software Engineering","Mid",2016,FALSE,"On-site"
"SYN_00273","C#","C#","Programming Language",TRUE,"Software Engineering","Mid",2016,FALSE,"On-site"
"SYN_00273","Java 17","Java","Programming Language",TRUE,"Software Engineering","Mid",2016,FALSE,"On-site"
"SYN_00273","Postgresql","PostgreSQL","Database",TRUE,"Software Engineering","Mid",2016,FALSE,"On-site"
"SYN_00274","TS","TypeScript","Programming Language",TRUE,"Software Engineering","Junior",2019,TRUE,"Hybrid"
"SYN_00274","MySQL","MySQL","Database",TRUE,"Software Engineering","Junior",2019,TRUE,"Hybrid"
"SYN_00274","c#","C#","Programming Language",TRUE,"Software Engineering","Junior",2019,TRUE,"Hybrid"
"SYN_00274","REST APIs","REST API","Tool/Methodology",TRUE,"Software Engineering","Junior",2019,TRUE,"Hybrid"
"SYN_00275",".NET",".NET","Framework/Library",FALSE,"Software Engineering","Mid",2018,FALSE,"On-site"
"SYN_00275","Java","Java","Programming Language",TRUE,"Software Engineering","Mid",2018,FALSE,"On-site"
"SYN_00275","REACT","React","Framework/Library",FALSE,"Software Engineering","Mid",2018,FALSE,"On-site"
"SYN_00275","REST APIs","REST API","Tool/Methodology",TRUE,"Software Engineering","Mid",2018,FALSE,"On-site"
"SYN_00275","c#","C#","Programming Language",FALSE,"Software Engineering","Mid",2018,FALSE,"On-site"
"SYN_00276","linux administration","Linux","Tool/Methodology",TRUE,"Cloud & DevOps","Mid",2022,FALSE,"Hybrid"
"SYN_00276","Microsoft Azure","Azure","Cloud/DevOps",TRUE,"Cloud & DevOps","Mid",2022,FALSE,"Hybrid"
"SYN_00276","CI-CD Pipelines","CI/CD","Tool/Methodology",TRUE,"Cloud & DevOps","Mid",2022,FALSE,"Hybrid"
"SYN_00276","k8s","Kubernetes","Cloud/DevOps",FALSE,"Cloud & DevOps","Mid",2022,FALSE,"Hybrid"
"SYN_00277","react.js","React","Framework/Library",TRUE,"Software Engineering","Lead",2023,FALSE,"Hybrid"
"SYN_00277","Java 17","Java","Programming Language",TRUE,"Software Engineering","Lead",2023,FALSE,"Hybrid"
"SYN_00277","postgres","PostgreSQL","Database",FALSE,"Software Engineering","Lead",2023,FALSE,"Hybrid"
"SYN_00277","TS","TypeScript","Programming Language",FALSE,"Software Engineering","Lead",2023,FALSE,"Hybrid"
"SYN_00278","AWS","AWS","Cloud/DevOps",TRUE,"Cloud & DevOps","Mid",2016,FALSE,"Remote"
"SYN_00278","Kubernetes","Kubernetes","Cloud/DevOps",TRUE,"Cloud & DevOps","Mid",2016,FALSE,"Remote"
"SYN_00278","docker","Docker","Cloud/DevOps",FALSE,"Cloud & DevOps","Mid",2016,FALSE,"Remote"
"SYN_00278","terraform","Terraform","Cloud/DevOps",TRUE,"Cloud & DevOps","Mid",2016,FALSE,"Remote"
"SYN_00278","linux administration","Linux","Tool/Methodology",FALSE,"Cloud & DevOps","Mid",2016,FALSE,"Remote"
"SYN_00279","REST APIs","REST API","Tool/Methodology",FALSE,"Software Engineering","Senior",2026,FALSE,"On-site"
"SYN_00279","MySQL","MySQL","Database",TRUE,"Software Engineering","Senior",2026,FALSE,"On-site"
"SYN_00279","SpringBoot","Spring Boot","Framework/Library",TRUE,"Software Engineering","Senior",2026,FALSE,"On-site"
"SYN_00279","TS","TypeScript","Programming Language",TRUE,"Software Engineering","Senior",2026,FALSE,"On-site"
"SYN_00279","java","Java","Programming Language",TRUE,"Software Engineering","Senior",2026,FALSE,"On-site"
"SYN_00280","mysql","MySQL","Database",FALSE,"Software Engineering","Lead",2022,FALSE,"Hybrid"
"SYN_00280","Spring Boot","Spring Boot","Framework/Library",TRUE,"Software Engineering","Lead",2022,FALSE,"Hybrid"
"SYN_00280","typescript","TypeScript","Programming Language",TRUE,"Software Engineering","Lead",2022,FALSE,"Hybrid"
"SYN_00280","Docker","Docker","Cloud/DevOps",TRUE,"Software Engineering","Lead",2022,FALSE,"Hybrid"
"SYN_00280","Java","Java","Programming Language",TRUE,"Software Engineering","Lead",2022,FALSE,"Hybrid"
"SYN_00281","PySpark","PySpark","Framework/Library",FALSE,"Data & AI / ML","Senior",2018,FALSE,"On-site"
"SYN_00281","Python 3","Python","Programming Language",TRUE,"Data & AI / ML","Senior",2018,FALSE,"On-site"
"SYN_00281","tensorflow","TensorFlow","Framework/Library",TRUE,"Data & AI / ML","Senior",2018,FALSE,"On-site"
"SYN_00281","PyTorch","PyTorch","Framework/Library",TRUE,"Data & AI / ML","Senior",2018,FALSE,"On-site"
"SYN_00282","C#.NET","C#","Programming Language",FALSE,"Software Engineering","Mid",2017,FALSE,"Hybrid"
"SYN_00282","NodeJS","Node.js","Framework/Library",TRUE,"Software Engineering","Mid",2017,FALSE,"Hybrid"
"SYN_00282","Docker","Docker","Cloud/DevOps",TRUE,"Software Engineering","Mid",2017,FALSE,"Hybrid"
"SYN_00282",".NET Core",".NET","Framework/Library",FALSE,"Software Engineering","Mid",2017,FALSE,"Hybrid"
"SYN_00282","MySQL","MySQL","Database",TRUE,"Software Engineering","Mid",2017,FALSE,"Hybrid"
"SYN_00282","Python","Python","Programming Language",TRUE,"Software Engineering","Mid",2017,FALSE,"Hybrid"
"SYN_00283","Agile/Scrum","Agile","Tool/Methodology",TRUE,"Management & Business Analysis","Lead",2023,FALSE,"On-site"
"SYN_00283","sql","SQL","Database",TRUE,"Management & Business Analysis","Lead",2023,FALSE,"On-site"
"SYN_00283","Project Management","Project Management","Domain/Other",TRUE,"Management & Business Analysis","Lead",2023,FALSE,"On-site"
"SYN_00283","jira / confluence","JIRA","Tool/Methodology",TRUE,"Management & Business Analysis","Lead",2023,FALSE,"On-site"
"SYN_00284","jmeter","JMeter","Tool/Methodology",TRUE,"QA & Test Automation","Mid",2020,FALSE,"Remote"
"SYN_00284","jira","JIRA","Tool/Methodology",TRUE,"QA & Test Automation","Mid",2020,FALSE,"Remote"
"SYN_00284","Postman","Postman","Tool/Methodology",TRUE,"QA & Test Automation","Mid",2020,FALSE,"Remote"
"SYN_00284","Cypress","Cypress","Tool/Methodology",TRUE,"QA & Test Automation","Mid",2020,FALSE,"Remote"
"SYN_00284","Java","Java","Programming Language",TRUE,"QA & Test Automation","Mid",2020,FALSE,"Remote"
"SYN_00284","Manual Testing","Manual Testing","Tool/Methodology",TRUE,"QA & Test Automation","Mid",2020,FALSE,"Remote"
"SYN_00285","node","Node.js","Framework/Library",TRUE,"Software Engineering","Junior",2026,TRUE,"On-site"
"SYN_00285","Spring Boot","Spring Boot","Framework/Library",TRUE,"Software Engineering","Junior",2026,TRUE,"On-site"
"SYN_00285","Python","Python","Programming Language",TRUE,"Software Engineering","Junior",2026,TRUE,"On-site"
"SYN_00285","mysql","MySQL","Database",FALSE,"Software Engineering","Junior",2026,TRUE,"On-site"
"SYN_00285",".NET Core",".NET","Framework/Library",TRUE,"Software Engineering","Junior",2026,TRUE,"On-site"
"SYN_00285","ReactJS","React","Framework/Library",TRUE,"Software Engineering","Junior",2026,TRUE,"On-site"
"SYN_00286","playwright","Playwright","Tool/Methodology",FALSE,"QA & Test Automation","Mid",2016,FALSE,"Remote"
"SYN_00286","Manual Testing","Manual Testing","Tool/Methodology",TRUE,"QA & Test Automation","Mid",2016,FALSE,"Remote"
"SYN_00286","jira","JIRA","Tool/Methodology",TRUE,"QA & Test Automation","Mid",2016,FALSE,"Remote"
"SYN_00286","Selenium WebDriver","Selenium","Tool/Methodology",TRUE,"QA & Test Automation","Mid",2016,FALSE,"Remote"
"SYN_00287","docker","Docker","Cloud/DevOps",TRUE,"Software Engineering","Mid",2017,FALSE,"Hybrid"
"SYN_00287",".NET Core",".NET","Framework/Library",TRUE,"Software Engineering","Mid",2017,FALSE,"Hybrid"
"SYN_00287","python","Python","Programming Language",TRUE,"Software Engineering","Mid",2017,FALSE,"Hybrid"
"SYN_00287","TS","TypeScript","Programming Language",TRUE,"Software Engineering","Mid",2017,FALSE,"Hybrid"
"SYN_00287","react.js","React","Framework/Library",TRUE,"Software Engineering","Mid",2017,FALSE,"Hybrid"
"SYN_00288","CI-CD Pipelines","CI/CD","Tool/Methodology",FALSE,"Cloud & DevOps","Lead",2019,FALSE,"On-site"
"SYN_00288","Amazon Web Services","AWS","Cloud/DevOps",FALSE,"Cloud & DevOps","Lead",2019,FALSE,"On-site"
"SYN_00288","Microsoft Azure","Azure","Cloud/DevOps",TRUE,"Cloud & DevOps","Lead",2019,FALSE,"On-site"
"SYN_00288","IaC","Terraform","Cloud/DevOps",TRUE,"Cloud & DevOps","Lead",2019,FALSE,"On-site"
"SYN_00288","Ubuntu/RHEL","Linux","Tool/Methodology",TRUE,"Cloud & DevOps","Lead",2019,FALSE,"On-site"
"SYN_00289","React","React","Framework/Library",TRUE,"Software Engineering","Junior",2022,TRUE,"Hybrid"
"SYN_00289","TypeScript","TypeScript","Programming Language",FALSE,"Software Engineering","Junior",2022,TRUE,"Hybrid"
"SYN_00289","docker","Docker","Cloud/DevOps",TRUE,"Software Engineering","Junior",2022,TRUE,"Hybrid"
"SYN_00290","Linux","Linux","Tool/Methodology",TRUE,"IT Systems & Infrastructure","Junior",2021,TRUE,"On-site"
"SYN_00290","TCP/IP","TCP/IP","Domain/Other",TRUE,"IT Systems & Infrastructure","Junior",2021,TRUE,"On-site"
"SYN_00290","Active Directory","Active Directory","Tool/Methodology",TRUE,"IT Systems & Infrastructure","Junior",2021,TRUE,"On-site"
"SYN_00290","CCNA","CCNA","Domain/Other",TRUE,"IT Systems & Infrastructure","Junior",2021,TRUE,"On-site"
"SYN_00291","React","React","Framework/Library",TRUE,"Software Engineering","Junior",2017,TRUE,"Hybrid"
"SYN_00291","MySQL","MySQL","Database",TRUE,"Software Engineering","Junior",2017,TRUE,"Hybrid"
"SYN_00291","SpringBoot","Spring Boot","Framework/Library",TRUE,"Software Engineering","Junior",2017,TRUE,"Hybrid"
"SYN_00291","REST","REST","Domain/Other",TRUE,"Software Engineering","Junior",2017,TRUE,"Hybrid"
"SYN_00292","c#","C#","Programming Language",TRUE,"Software Engineering","Mid",2023,FALSE,"Hybrid"
"SYN_00292","Core Java","Java","Programming Language",TRUE,"Software Engineering","Mid",2023,FALSE,"Hybrid"
"SYN_00292","react.js","React","Framework/Library",TRUE,"Software Engineering","Mid",2023,FALSE,"Hybrid"
"SYN_00292","Node.js","Node.js","Framework/Library",TRUE,"Software Engineering","Mid",2023,FALSE,"Hybrid"
"SYN_00292",".NET Core",".NET","Framework/Library",TRUE,"Software Engineering","Mid",2023,FALSE,"Hybrid"
"SYN_00293","playwright","Playwright","Tool/Methodology",TRUE,"QA & Test Automation","Intern",2022,TRUE,"On-site"
"SYN_00293","selenium","Selenium","Tool/Methodology",FALSE,"QA & Test Automation","Intern",2022,TRUE,"On-site"
"SYN_00293","Cypress","Cypress","Tool/Methodology",FALSE,"QA & Test Automation","Intern",2022,TRUE,"On-site"
"SYN_00294","Amazon Web Services","AWS","Cloud/DevOps",TRUE,"Cloud & DevOps","Senior",2017,FALSE,"On-site"
"SYN_00294","GitLab CI","CI/CD","Tool/Methodology",TRUE,"Cloud & DevOps","Senior",2017,FALSE,"On-site"
"SYN_00294","azure","Azure","Cloud/DevOps",TRUE,"Cloud & DevOps","Senior",2017,FALSE,"On-site"
"SYN_00294","IaC","Terraform","Cloud/DevOps",TRUE,"Cloud & DevOps","Senior",2017,FALSE,"On-site"
"SYN_00294","Linux","Linux","Tool/Methodology",TRUE,"Cloud & DevOps","Senior",2017,FALSE,"On-site"
"SYN_00295","power bi","Power BI","Tool/Methodology",TRUE,"Data & AI / ML","Lead",2025,FALSE,"Hybrid"
"SYN_00295","TensorFlow","TensorFlow","Framework/Library",TRUE,"Data & AI / ML","Lead",2025,FALSE,"Hybrid"
"SYN_00295","pytorch","PyTorch","Framework/Library",TRUE,"Data & AI / ML","Lead",2025,FALSE,"Hybrid"
"SYN_00295","PySpark","PySpark","Framework/Library",TRUE,"Data & AI / ML","Lead",2025,FALSE,"Hybrid"
"SYN_00296","wireframes","Wireframes","Domain/Other",TRUE,"UI/UX & Product Design","Mid",2016,FALSE,"On-site"
"SYN_00296","Design Systems","Design Systems","Domain/Other",TRUE,"UI/UX & Product Design","Mid",2016,FALSE,"On-site"
"SYN_00296","User Research","User Research","Domain/Other",TRUE,"UI/UX & Product Design","Mid",2016,FALSE,"On-site"
"SYN_00297","jira / confluence","JIRA","Tool/Methodology",FALSE,"Management & Business Analysis","Mid",2021,FALSE,"Hybrid"
"SYN_00297","Business Analysis","Business Analysis","Domain/Other",TRUE,"Management & Business Analysis","Mid",2021,FALSE,"Hybrid"
"SYN_00297","SQL","SQL","Database",TRUE,"Management & Business Analysis","Mid",2021,FALSE,"Hybrid"
"SYN_00297","Agile","Agile","Tool/Methodology",TRUE,"Management & Business Analysis","Mid",2021,FALSE,"Hybrid"
"SYN_00298","User Research","User Research","Domain/Other",TRUE,"UI/UX & Product Design","Junior",2017,TRUE,"On-site"
"SYN_00298","Wireframing","Wireframing","Domain/Other",TRUE,"UI/UX & Product Design","Junior",2017,TRUE,"On-site"
"SYN_00298","Figma","Figma","Tool/Methodology",FALSE,"UI/UX & Product Design","Junior",2017,TRUE,"On-site"
"SYN_00299","JIRA","JIRA","Tool/Methodology",TRUE,"QA & Test Automation","Lead",2018,FALSE,"On-site"
"SYN_00299","jmeter","JMeter","Tool/Methodology",FALSE,"QA & Test Automation","Lead",2018,FALSE,"On-site"
"SYN_00299","Java","Java","Programming Language",TRUE,"QA & Test Automation","Lead",2018,FALSE,"On-site"
"SYN_00300","Selenium WebDriver","Selenium","Tool/Methodology",TRUE,"QA & Test Automation","Intern",2020,TRUE,"On-site"
"SYN_00300","Java","Java","Programming Language",TRUE,"QA & Test Automation","Intern",2020,TRUE,"On-site"
"SYN_00300","JIRA","JIRA","Tool/Methodology",TRUE,"QA & Test Automation","Intern",2020,TRUE,"On-site"
