"job_id","source","source_url","collection_date","source_job_id","date_posted","original_title","job_title","career_category","seniority_level","company","location","work_mode","employment_type","original_experience","experience_min","experience_max","original_salary","salary_min","salary_max","currency","is_synthetic","posting_year","posting_month","posting_quarter","posting_year_quarter","posting_year_month","is_entry_level","experience_band","salary_disclosed","salary_midpoint","salary_band_lkr","salary_band_usd","skill_count","skill_names_concat","has_prog_lang","has_cloud_devops","has_framework","has_database"
"SYN_00001","Synthetic_Generator_v1",NA,"2026-08-26",NA,"2024-10-30","Cyber Security Intern - Trainee / Intern","Cyber Security Intern - Trainee / Intern","Cyber Security","Intern","Axiata Digital Labs","Colombo","Hybrid","Internship","0-1 year or Undergraduate",0,1,"LKR 60,000 - 84,000",60000,84000,"LKR",TRUE,2024,10,"Q4","2024-Q4","2024-10",TRUE,"0-1 Years (Entry/Junior)",TRUE,72000,"< 150k LKR","Undisclosed / Non-USD",3,"Linux; Vulnerability Assessment; ISO 27001",FALSE,FALSE,FALSE,FALSE
"SYN_00002","Synthetic_Generator_v1",NA,"2026-08-26",NA,"2024-08-16","QA Lead","QA Lead","QA & Test Automation","Mid","LSEG Sri Lanka","Colombo","Hybrid","Full-time","Minimum 2+ years experience",2,5,"LKR 360,000 - 486,000",360000,486000,"LKR",TRUE,2024,8,"Q3","2024-Q3","2024-08",FALSE,"2-4 Years (Mid-Level)",TRUE,423000,"300k - 500k LKR","Undisclosed / Non-USD",5,"Java; Cypress; Postman; JIRA; Manual Testing",TRUE,FALSE,FALSE,FALSE
"SYN_00003","Synthetic_Generator_v1",NA,"2026-08-26",NA,"2025-01-13","Associate Senior Software Engineer","Associate Senior Software Engineer","Software Engineering","Junior","WSO2","Colombo","Hybrid","Full-time","0-2 years relevant experience",0,2,"Competitive Package",NA,NA,NA,TRUE,2025,1,"Q1","2025-Q1","2025-01",TRUE,"0-1 Years (Entry/Junior)",FALSE,NA,"Undisclosed / Non-LKR","Undisclosed / Non-USD",4,"C#; TypeScript; MySQL; .NET",TRUE,FALSE,TRUE,TRUE
"SYN_00004","Synthetic_Generator_v1",NA,"2026-08-26",NA,"2016-01-01","ML / AI Engineer","ML / AI Engineer","Data & AI / ML","Junior","Virtusa Sri Lanka","Remote","Remote","Full-time","1-2 years relevant experience",1,2,"Competitive Package",NA,NA,NA,TRUE,2016,1,"Q1","2016-Q1","2016-01",TRUE,"0-1 Years (Entry/Junior)",FALSE,NA,"Undisclosed / Non-LKR","Undisclosed / Non-USD",6,"TensorFlow; SQL; Pandas; PySpark; Python; PyTorch",TRUE,FALSE,TRUE,TRUE
"SYN_00005","Synthetic_Generator_v1",NA,"2026-08-26",NA,"2022-04-09","Associate Associate Software Engineer","Associate Associate Software Engineer","Software Engineering","Junior","DirectFN","Colombo","Remote","Full-time","1-3 years relevant experience",1,3,"Competitive Package",NA,NA,NA,TRUE,2022,4,"Q2","2022-Q2","2022-04",TRUE,"0-1 Years (Entry/Junior)",FALSE,NA,"Undisclosed / Non-LKR","Undisclosed / Non-USD",4,"Docker; PostgreSQL; MySQL; .NET",FALSE,TRUE,TRUE,TRUE
"SYN_00006","Synthetic_Generator_v1",NA,"2026-08-26",NA,"2019-06-12","Senior UI/UX Designer","Senior UI/UX Designer","UI/UX & Product Design","Mid","Sysco LABS Sri Lanka","Colombo","Hybrid","Full-time","Minimum 3+ years experience",3,6,"Negotiable",NA,NA,NA,TRUE,2019,6,"Q2","2019-Q2","2019-06",FALSE,"2-4 Years (Mid-Level)",FALSE,NA,"Undisclosed / Non-LKR","Undisclosed / Non-USD",5,"Figma; Wireframes; Design Tokens; Interactive Prototypes; User Research",FALSE,FALSE,FALSE,FALSE
"SYN_00007","Synthetic_Generator_v1",NA,"2026-08-26",NA,"2019-05-16","Associate UI/UX Intern","Associate UI/UX Intern","UI/UX & Product Design","Junior","MillenniumIT ESP","Kandy","On-site","Full-time","0-2 years relevant experience",0,2,"Attractive Remuneration",NA,NA,NA,TRUE,2019,5,"Q2","2019-Q2","2019-05",TRUE,"0-1 Years (Entry/Junior)",FALSE,NA,"Undisclosed / Non-LKR","Undisclosed / Non-USD",4,"Design Systems; Wireframes; Interactive Prototypes; Figma",FALSE,FALSE,FALSE,FALSE
"SYN_00008","Synthetic_Generator_v1",NA,"2026-08-26",NA,"2016-08-24","Technical PM","Technical PM","Management & Business Analysis","Junior","Axiata Digital Labs","Kandy","On-site","Full-time","1-3 years relevant experience",1,3,"Competitive Package",NA,NA,NA,TRUE,2016,8,"Q3","2016-Q3","2016-08",TRUE,"0-1 Years (Entry/Junior)",FALSE,NA,"Undisclosed / Non-LKR","Undisclosed / Non-USD",4,"Requirements Analysis; Sprint Planning; SQL; JIRA",FALSE,FALSE,FALSE,TRUE
"SYN_00009","Synthetic_Generator_v1",NA,"2026-08-26",NA,"2021-11-24","Backend Engineer","Backend Engineer","Software Engineering","Mid","DirectFN","Colombo","On-site","Full-time","Minimum 2+ years experience",2,5,"LKR 280,000 - 392,000",280000,392000,"LKR",TRUE,2021,11,"Q4","2021-Q4","2021-11",FALSE,"2-4 Years (Mid-Level)",TRUE,336000,"300k - 500k LKR","Undisclosed / Non-USD",5,"Java; PostgreSQL; REST API; MySQL; Node.js",TRUE,FALSE,TRUE,TRUE
"SYN_00010","Synthetic_Generator_v1",NA,"2026-08-26",NA,"2019-11-29","Junior Data Analyst","Junior Data Analyst","Data & AI / ML","Junior","MillenniumIT ESP","Remote","Hybrid","Full-time","1-2 years relevant experience",1,2,"Negotiable",NA,NA,NA,TRUE,2019,11,"Q4","2019-Q4","2019-11",TRUE,"0-1 Years (Entry/Junior)",FALSE,NA,"Undisclosed / Non-LKR","Undisclosed / Non-USD",3,"Python; Power BI; SQL",TRUE,FALSE,FALSE,TRUE
"SYN_00011","Synthetic_Generator_v1",NA,"2026-08-26",NA,"2019-05-27","Associate QA","Associate QA","QA & Test Automation","Junior","Dialog Axiata","Battaramulla","Hybrid","Full-time","1-2 years relevant experience",1,2,"Best in Industry",NA,NA,NA,TRUE,2019,5,"Q2","2019-Q2","2019-05",TRUE,"0-1 Years (Entry/Junior)",FALSE,NA,"Undisclosed / Non-LKR","Undisclosed / Non-USD",5,"Java; Manual Testing; Cypress; JMeter; Selenium",TRUE,FALSE,FALSE,FALSE
"SYN_00012","Synthetic_Generator_v1",NA,"2026-08-26",NA,"2024-08-30","SE","Software Engineer","Software Engineering","Mid","Rootcode","Galle","Hybrid","Full-time","Minimum 3+ years experience",3,6,"Market Competitive",NA,NA,NA,TRUE,2024,8,"Q3","2024-Q3","2024-08",FALSE,"2-4 Years (Mid-Level)",FALSE,NA,"Undisclosed / Non-LKR","Undisclosed / Non-USD",4,"Node.js; TypeScript; React; Spring Boot",TRUE,FALSE,TRUE,FALSE
"SYN_00013","Synthetic_Generator_v1",NA,"2026-08-26",NA,"2026-06-02","Associate Business Analyst","Associate Business Analyst","Management & Business Analysis","Junior","Brandix IT","Colombo","On-site","Full-time","1-2 years relevant experience",1,2,"Negotiable",NA,NA,NA,TRUE,2026,6,"Q2","2026-Q2","2026-06",TRUE,"0-1 Years (Entry/Junior)",FALSE,NA,"Undisclosed / Non-LKR","Undisclosed / Non-USD",4,"JIRA; Business Analysis; Agile; SQL",FALSE,FALSE,FALSE,TRUE
"SYN_00014","Synthetic_Generator_v1",NA,"2026-08-26",NA,"2017-10-17","Frontend Developer","Frontend Developer","Software Engineering","Mid","Axiata Digital Labs","Colombo","Remote","Full-time","Minimum 3+ years experience",3,5,"Attractive Remuneration",NA,NA,NA,TRUE,2017,10,"Q4","2017-Q4","2017-10",FALSE,"2-4 Years (Mid-Level)",FALSE,NA,"Undisclosed / Non-LKR","Undisclosed / Non-USD",5,"Spring Boot; Docker; React; .NET; Node.js",FALSE,TRUE,TRUE,FALSE
"SYN_00015","Synthetic_Generator_v1",NA,"2026-08-26",NA,"2021-02-18","Backend Engineer","Backend Engineer","Software Engineering","Mid","Zone24x7","Nawala","On-site","Full-time","Minimum 3+ years experience",3,6,"LKR 3e+05 - 390,000",3e+05,390000,"LKR",TRUE,2021,2,"Q1","2021-Q1","2021-02",FALSE,"2-4 Years (Mid-Level)",TRUE,345000,"300k - 500k LKR","Undisclosed / Non-USD",5,"MySQL; TypeScript; Spring Boot; Python; Java",TRUE,FALSE,TRUE,TRUE
"SYN_00016","Synthetic_Generator_v1",NA,"2026-08-26",NA,"2023-02-25","Senior Software Engineer","Senior Software Engineer","Software Engineering","Senior","Sampath Bank IT","Battaramulla","On-site","Full-time","6 to 10 years commercial experience",6,10,"LKR 5e+05 - 650,000",5e+05,650000,"LKR",TRUE,2023,2,"Q1","2023-Q1","2023-02",FALSE,"5-7 Years (Senior)",TRUE,575000,"500k - 750k LKR","Undisclosed / Non-USD",5,"Java; Spring Boot; Python; REST API; TypeScript",TRUE,FALSE,TRUE,FALSE
"SYN_00017","Synthetic_Generator_v1",NA,"2026-08-26",NA,"2016-11-21","UI/UX Designer","UI/UX Designer","UI/UX & Product Design","Mid","Tiqri Sri Lanka","Colombo","Remote","Full-time","Minimum 2+ years experience",2,4,"Market Competitive",NA,NA,NA,TRUE,2016,11,"Q4","2016-Q4","2016-11",FALSE,"2-4 Years (Mid-Level)",FALSE,NA,"Undisclosed / Non-LKR","Undisclosed / Non-USD",4,"Design Systems; Figma; Wireframes; UX Research",FALSE,FALSE,FALSE,FALSE
"SYN_00018","Synthetic_Generator_v1",NA,"2026-08-26",NA,"2019-04-01","Principal / Lead Software Developer","Principal / Lead Software Developer","Software Engineering","Lead","Sysco LABS Sri Lanka","Colombo","Hybrid","Full-time","8+ years leadership experience",8,NA,"LKR 1,050,000 - 1,312,500",1050000,1312500,"LKR",TRUE,2019,4,"Q2","2019-Q2","2019-04",FALSE,"8+ Years (Lead/Principal)",TRUE,1181250,"750k+ LKR","Undisclosed / Non-USD",5,"PostgreSQL; React; Python; Node.js; TypeScript",TRUE,FALSE,TRUE,TRUE
"SYN_00019","Synthetic_Generator_v1",NA,"2026-08-26",NA,"2024-01-27","Senior Frontend Developer","Senior Frontend Developer","Software Engineering","Senior","gapstars","Colombo","Hybrid","Full-time","5 to 9 years commercial experience",5,9,"Best in Industry",NA,NA,NA,TRUE,2024,1,"Q1","2024-Q1","2024-01",FALSE,"5-7 Years (Senior)",FALSE,NA,"Undisclosed / Non-LKR","Undisclosed / Non-USD",3,"Node.js; TypeScript; React",TRUE,FALSE,TRUE,FALSE
"SYN_00020","Synthetic_Generator_v1",NA,"2026-08-26",NA,"2026-07-23","Data Engineer","Data Engineer","Data & AI / ML","Mid","WSO2","Battaramulla","On-site","Full-time","Minimum 2+ years experience",2,5,"LKR 220,000 - 319,000",220000,319000,"LKR",TRUE,2026,7,"Q3","2026-Q3","2026-07",FALSE,"2-4 Years (Mid-Level)",TRUE,269500,"150k - 300k LKR","Undisclosed / Non-USD",5,"SQL; PyTorch; Python; Power BI; TensorFlow",TRUE,FALSE,TRUE,TRUE
"SYN_00021","Synthetic_Generator_v1",NA,"2026-08-26",NA,"2020-09-11","Data Engineer","Data Engineer","Data & AI / ML","Mid","Surge Global","Remote","On-site","Full-time","Minimum 3+ years experience",3,6,"Market Competitive",NA,NA,NA,TRUE,2020,9,"Q3","2020-Q3","2020-09",FALSE,"2-4 Years (Mid-Level)",FALSE,NA,"Undisclosed / Non-LKR","Undisclosed / Non-USD",6,"PyTorch; Power BI; SQL; Python; Pandas; PySpark",TRUE,FALSE,TRUE,TRUE
"SYN_00022","Synthetic_Generator_v1",NA,"2026-08-26",NA,"2021-04-25","Sr. IT Support Officer","Senior IT Support Officer","IT Systems & Infrastructure","Senior","Creative Software","Colombo","Remote","Full-time","4 to 8 years commercial experience",4,8,"LKR 7e+05 - 910,000",7e+05,910000,"LKR",TRUE,2021,4,"Q2","2021-Q2","2021-04",FALSE,"2-4 Years (Mid-Level)",TRUE,805000,"750k+ LKR","Undisclosed / Non-USD",5,"Cisco; Windows Server; Linux; TCP/IP; Hardware Support",FALSE,FALSE,FALSE,FALSE
"SYN_00023","Synthetic_Generator_v1",NA,"2026-08-26",NA,"2025-05-05","Software Developer","Software Developer","Software Engineering","Mid","CodeGen International","Colombo","Remote","Full-time","Minimum 2+ years experience",2,5,"Competitive Package",NA,NA,NA,TRUE,2025,5,"Q2","2025-Q2","2025-05",FALSE,"2-4 Years (Mid-Level)",FALSE,NA,"Undisclosed / Non-LKR","Undisclosed / Non-USD",4,"TypeScript; .NET; MySQL; Node.js",TRUE,FALSE,TRUE,TRUE
"SYN_00024","Synthetic_Generator_v1",NA,"2026-08-26",NA,"2025-05-20","Senior Frontend Developer","Senior Frontend Developer","Software Engineering","Senior","Axiata Digital Labs","Galle","Hybrid","Full-time","6 to 10 years commercial experience",6,10,"Market Competitive",NA,NA,NA,TRUE,2025,5,"Q2","2025-Q2","2025-05",FALSE,"5-7 Years (Senior)",FALSE,NA,"Undisclosed / Non-LKR","Undisclosed / Non-USD",3,"React; C#; .NET",TRUE,FALSE,TRUE,FALSE
"SYN_00025","Synthetic_Generator_v1",NA,"2026-08-26",NA,"2016-11-17","Associate QA Lead","Associate QA Lead","QA & Test Automation","Junior","Tiqri Sri Lanka","Galle","Hybrid","Full-time","0-1 years relevant experience",0,1,"Attractive Remuneration",NA,NA,NA,TRUE,2016,11,"Q4","2016-Q4","2016-11",TRUE,"0-1 Years (Entry/Junior)",FALSE,NA,"Undisclosed / Non-LKR","Undisclosed / Non-USD",5,"JIRA; Playwright; Cypress; Java; Manual Testing",TRUE,FALSE,FALSE,FALSE
"SYN_00026","Synthetic_Generator_v1",NA,"2026-08-26",NA,"2026-07-21","Software Engineering Intern","Software Engineering Intern","Software Engineering","Intern","Creative Software","Nawala","Hybrid","Internship","0-1 year or Undergraduate",0,1,"Competitive Package",NA,NA,NA,TRUE,2026,7,"Q3","2026-Q3","2026-07",TRUE,"0-1 Years (Entry/Junior)",FALSE,NA,"Undisclosed / Non-LKR","Undisclosed / Non-USD",4,"Node.js; REST API; MySQL; Java",TRUE,FALSE,TRUE,TRUE
"SYN_00027","Synthetic_Generator_v1",NA,"2026-08-26",NA,"2016-03-23","Sr. SE","Senior Software Engineer","Software Engineering","Senior","Sysco LABS Sri Lanka","Battaramulla","Hybrid","Full-time","4 to 8 years commercial experience",4,8,"LKR 5e+05 - 650,000",5e+05,650000,"LKR",TRUE,2016,3,"Q1","2016-Q1","2016-03",FALSE,"2-4 Years (Mid-Level)",TRUE,575000,"500k - 750k LKR","Undisclosed / Non-USD",4,"Node.js; MySQL; Python; Spring Boot",TRUE,FALSE,TRUE,TRUE
"SYN_00028","Synthetic_Generator_v1",NA,"2026-08-26",NA,"2026-03-28","Full Stack Dev","Full Stack Developer","Software Engineering","Junior","Creative Software","Colombo","Hybrid","Full-time","1-2 years relevant experience",1,2,"LKR 110,000 - 154,000",110000,154000,"LKR",TRUE,2026,3,"Q1","2026-Q1","2026-03",TRUE,"0-1 Years (Entry/Junior)",TRUE,132000,"< 150k LKR","Undisclosed / Non-USD",5,"Java; C#; React; Python; Docker",TRUE,TRUE,TRUE,FALSE
"SYN_00029","Synthetic_Generator_v1",NA,"2026-08-26",NA,"2026-05-27","DevOps Engineer","DevOps Engineer","Cloud & DevOps","Mid","Sysco LABS Sri Lanka","Colombo","Hybrid","Full-time","Minimum 3+ years experience",3,5,"Negotiable",NA,NA,NA,TRUE,2026,5,"Q2","2026-Q2","2026-05",FALSE,"2-4 Years (Mid-Level)",FALSE,NA,"Undisclosed / Non-LKR","Undisclosed / Non-USD",4,"Terraform; Docker; Azure; AWS",FALSE,TRUE,FALSE,FALSE
"SYN_00030","Synthetic_Generator_v1",NA,"2026-08-26",NA,"2017-09-30","Lead Senior QA Engineer","Lead Senior QA Engineer","QA & Test Automation","Lead","Sysco LABS Sri Lanka","Colombo","Hybrid","Full-time","8+ years leadership experience",8,NA,"Best in Industry",NA,NA,NA,TRUE,2017,9,"Q3","2017-Q3","2017-09",FALSE,"8+ Years (Lead/Principal)",FALSE,NA,"Undisclosed / Non-LKR","Undisclosed / Non-USD",4,"JMeter; Postman; Playwright; Selenium",FALSE,FALSE,FALSE,FALSE
"SYN_00031","Synthetic_Generator_v1",NA,"2026-08-26",NA,"2026-08-14","QA / Tester","QA Engineer","QA & Test Automation","Mid","Dialog Axiata","Colombo","Hybrid","Full-time","Minimum 3+ years experience",3,6,"Market Competitive",NA,NA,NA,TRUE,2026,8,"Q3","2026-Q3","2026-08",FALSE,"2-4 Years (Mid-Level)",FALSE,NA,"Undisclosed / Non-LKR","Undisclosed / Non-USD",5,"Selenium; Cypress; Java; Playwright; JIRA",TRUE,FALSE,FALSE,FALSE
"SYN_00032","Synthetic_Generator_v1",NA,"2026-08-26",NA,"2016-09-29","Frontend Developer","Frontend Developer","Software Engineering","Mid","Creative Software","Colombo","Hybrid","Full-time","Minimum 3+ years experience",3,6,"Market Competitive",NA,NA,NA,TRUE,2016,9,"Q3","2016-Q3","2016-09",FALSE,"2-4 Years (Mid-Level)",FALSE,NA,"Undisclosed / Non-LKR","Undisclosed / Non-USD",5,"Java; Docker; REST API; MySQL; .NET",TRUE,TRUE,TRUE,TRUE
"SYN_00033","Synthetic_Generator_v1",NA,"2026-08-26",NA,"2019-12-31","Associate Quality Assurance Analyst","Associate Quality Assurance Analyst","QA & Test Automation","Junior","hSenid Mobile Solutions","Colombo","Hybrid","Full-time","1-2 years relevant experience",1,2,"LKR 170,000 - 246,500",170000,246500,"LKR",TRUE,2019,12,"Q4","2019-Q4","2019-12",TRUE,"0-1 Years (Entry/Junior)",TRUE,208250,"150k - 300k LKR","Undisclosed / Non-USD",3,"Manual Testing; Cypress; Selenium",FALSE,FALSE,FALSE,FALSE
"SYN_00034","Synthetic_Generator_v1",NA,"2026-08-26",NA,"2021-09-25","Senior QA Engineer","Senior QA Engineer","QA & Test Automation","Mid","DirectFN","Kandy","On-site","Full-time","Minimum 2+ years experience",2,5,"LKR 320,000 - 432,000",320000,432000,"LKR",TRUE,2021,9,"Q3","2021-Q3","2021-09",FALSE,"2-4 Years (Mid-Level)",TRUE,376000,"300k - 500k LKR","Undisclosed / Non-USD",4,"JIRA; Selenium; Cypress; Manual Testing",FALSE,FALSE,FALSE,FALSE
"SYN_00035","Synthetic_Generator_v1",NA,"2026-08-26",NA,"2016-06-14","Cyber Security Intern - Trainee / Intern","Cyber Security Intern - Trainee / Intern","Cyber Security","Intern","DirectFN","Remote","Hybrid","Internship","0-1 year or Undergraduate",0,1,"Best in Industry",NA,NA,NA,TRUE,2016,6,"Q2","2016-Q2","2016-06",TRUE,"0-1 Years (Entry/Junior)",FALSE,NA,"Undisclosed / Non-LKR","Undisclosed / Non-USD",3,"Firewall Configuration; Vulnerability Assessment; Splunk",FALSE,FALSE,FALSE,FALSE
"SYN_00036","Synthetic_Generator_v1",NA,"2026-08-26",NA,"2021-08-12","Software Engineer","Software Engineer","Software Engineering","Mid","Dialog Axiata","Nawala","Hybrid","Full-time","Minimum 3+ years experience",3,6,"Best in Industry",NA,NA,NA,TRUE,2021,8,"Q3","2021-Q3","2021-08",FALSE,"2-4 Years (Mid-Level)",FALSE,NA,"Undisclosed / Non-LKR","Undisclosed / Non-USD",6,"REST API; PostgreSQL; .NET; Python; Docker; Spring Boot",TRUE,TRUE,TRUE,TRUE
"SYN_00037","Synthetic_Generator_v1",NA,"2026-08-26",NA,"2025-09-29","Data Engineer","Data Engineer","Data & AI / ML","Mid","Calcey Technologies","Colombo","On-site","Full-time","Minimum 3+ years experience",3,6,"LKR 240,000 - 348,000",240000,348000,"LKR",TRUE,2025,9,"Q3","2025-Q3","2025-09",FALSE,"2-4 Years (Mid-Level)",TRUE,294000,"150k - 300k LKR","Undisclosed / Non-USD",5,"SQL; Python; PyTorch; Power BI; Pandas",TRUE,FALSE,TRUE,TRUE
"SYN_00038","Synthetic_Generator_v1",NA,"2026-08-26",NA,"2016-08-14","Quality Assurance Analyst","Quality Assurance Analyst","QA & Test Automation","Mid","Pearson Lanka","Colombo","Hybrid","Full-time","Minimum 2+ years experience",2,4,"Best in Industry",NA,NA,NA,TRUE,2016,8,"Q3","2016-Q3","2016-08",FALSE,"2-4 Years (Mid-Level)",FALSE,NA,"Undisclosed / Non-LKR","Undisclosed / Non-USD",5,"Postman; Playwright; JMeter; Java; Selenium",TRUE,FALSE,FALSE,FALSE
"SYN_00039","Synthetic_Generator_v1",NA,"2026-08-26",NA,"2017-09-15","Senior Technical Project Manager","Senior Technical Project Manager","Management & Business Analysis","Senior","Mitra Innovation","Colombo","Hybrid","Full-time","5 to 7 years commercial experience",5,7,"USD 1846 - 2308 (Pegged)",1846,2308,"USD",TRUE,2017,9,"Q3","2017-Q3","2017-09",FALSE,"5-7 Years (Senior)",TRUE,2077,"Undisclosed / Non-LKR","$1,800 - $2,500 USD",5,"SQL; Requirements Analysis; Sprint Planning; Agile; JIRA",FALSE,FALSE,FALSE,TRUE
"SYN_00040","Synthetic_Generator_v1",NA,"2026-08-26",NA,"2019-07-14","Associate Associate QA Engineer","Associate Associate QA Engineer","QA & Test Automation","Junior","Axiata Digital Labs","Remote","Remote","Full-time","1-3 years relevant experience",1,3,"USD 764 - 993 (Pegged)",764,993,"USD",TRUE,2019,7,"Q3","2019-Q3","2019-07",TRUE,"0-1 Years (Entry/Junior)",TRUE,878.5,"Undisclosed / Non-LKR","< $1,000 USD",4,"Java; Cypress; JIRA; Selenium",TRUE,FALSE,FALSE,FALSE
"SYN_00041","Synthetic_Generator_v1",NA,"2026-08-26",NA,"2022-12-08","QA Automation Engineer","QA Automation Engineer","QA & Test Automation","Mid","Creative Software","Galle","Hybrid","Full-time","Minimum 3+ years experience",3,6,"Best in Industry",NA,NA,NA,TRUE,2022,12,"Q4","2022-Q4","2022-12",FALSE,"2-4 Years (Mid-Level)",FALSE,NA,"Undisclosed / Non-LKR","Undisclosed / Non-USD",6,"Java; JMeter; Selenium; Postman; Manual Testing; Playwright",TRUE,FALSE,FALSE,FALSE
"SYN_00042","Synthetic_Generator_v1",NA,"2026-08-26",NA,"2016-06-10","Senior Frontend Developer","Senior Frontend Developer","Software Engineering","Senior","Sysco LABS Sri Lanka","Remote","Hybrid","Full-time","6 to 10 years commercial experience",6,10,"Attractive Remuneration",NA,NA,NA,TRUE,2016,6,"Q2","2016-Q2","2016-06",FALSE,"5-7 Years (Senior)",FALSE,NA,"Undisclosed / Non-LKR","Undisclosed / Non-USD",4,"C#; MySQL; TypeScript; Node.js",TRUE,FALSE,TRUE,TRUE
"SYN_00043","Synthetic_Generator_v1",NA,"2026-08-26",NA,"2019-11-16","Cloud Engineer","Cloud Engineer","Cloud & DevOps","Mid","Virtusa Sri Lanka","Nawala","On-site","Full-time","Minimum 2+ years experience",2,5,"Competitive Package",NA,NA,NA,TRUE,2019,11,"Q4","2019-Q4","2019-11",FALSE,"2-4 Years (Mid-Level)",FALSE,NA,"Undisclosed / Non-LKR","Undisclosed / Non-USD",3,"AWS; Azure; Kubernetes",FALSE,TRUE,FALSE,FALSE
"SYN_00044","Synthetic_Generator_v1",NA,"2026-08-26",NA,"2025-04-18","Senior Tech Lead","Senior Tech Lead","Software Engineering","Senior","DirectFN","Colombo","Hybrid","Full-time","5 to 9 years commercial experience",5,9,"LKR 550,000 - 715,000",550000,715000,"LKR",TRUE,2025,4,"Q2","2025-Q2","2025-04",FALSE,"5-7 Years (Senior)",TRUE,632500,"500k - 750k LKR","Undisclosed / Non-USD",3,"PostgreSQL; TypeScript; .NET",TRUE,FALSE,TRUE,TRUE
"SYN_00045","Synthetic_Generator_v1",NA,"2026-08-26",NA,"2018-08-07","Associate QA","Associate QA","QA & Test Automation","Junior","Axiata Digital Labs","Remote","Hybrid","Full-time","1-2 years relevant experience",1,2,"LKR 170,000 - 246,500",170000,246500,"LKR",TRUE,2018,8,"Q3","2018-Q3","2018-08",TRUE,"0-1 Years (Entry/Junior)",TRUE,208250,"150k - 300k LKR","Undisclosed / Non-USD",3,"Manual Testing; Cypress; JIRA",FALSE,FALSE,FALSE,FALSE
"SYN_00046","Synthetic_Generator_v1",NA,"2026-08-26",NA,"2024-10-08","Frontend Developer","Frontend Developer","Software Engineering","Mid","DirectFN","Battaramulla","Hybrid","Full-time","Minimum 2+ years experience",2,4,"Market Competitive",NA,NA,NA,TRUE,2024,10,"Q4","2024-Q4","2024-10",FALSE,"2-4 Years (Mid-Level)",FALSE,NA,"Undisclosed / Non-LKR","Undisclosed / Non-USD",3,"Docker; REST API; Python",TRUE,TRUE,FALSE,FALSE
"SYN_00047","Synthetic_Generator_v1",NA,"2026-08-26",NA,"2018-04-01","Sr. Software Eng","Senior Software Engineer","Software Engineering","Senior","WSO2","Battaramulla","Hybrid","Full-time","6 to 9 years commercial experience",6,9,"Competitive Package",NA,NA,NA,TRUE,2018,4,"Q2","2018-Q2","2018-04",FALSE,"5-7 Years (Senior)",FALSE,NA,"Undisclosed / Non-LKR","Undisclosed / Non-USD",5,"Node.js; Docker; Java; MySQL; TypeScript",TRUE,TRUE,TRUE,TRUE
"SYN_00048","Synthetic_Generator_v1",NA,"2026-08-26",NA,"2024-04-01","Junior Data Analyst","Junior Data Analyst","Data & AI / ML","Mid","Creative Software","Battaramulla","Remote","Full-time","Minimum 2+ years experience",2,5,"LKR 360,000 - 504,000",360000,504000,"LKR",TRUE,2024,4,"Q2","2024-Q2","2024-04",FALSE,"2-4 Years (Mid-Level)",TRUE,432000,"300k - 500k LKR","Undisclosed / Non-USD",4,"PyTorch; Python; PySpark; Power BI",TRUE,FALSE,TRUE,FALSE
"SYN_00049","Synthetic_Generator_v1",NA,"2026-08-26",NA,"2025-10-23","Associate Senior Software Engineer","Associate Senior Software Engineer","Software Engineering","Junior","99x","Colombo","Hybrid","Full-time","1-3 years relevant experience",1,3,"Negotiable",NA,NA,NA,TRUE,2025,10,"Q4","2025-Q4","2025-10",TRUE,"0-1 Years (Entry/Junior)",FALSE,NA,"Undisclosed / Non-LKR","Undisclosed / Non-USD",4,"Java; MySQL; Docker; .NET",TRUE,TRUE,TRUE,TRUE
"SYN_00050","Synthetic_Generator_v1",NA,"2026-08-26",NA,"2021-05-16","Associate Full Stack Developer","Associate Full Stack Developer","Software Engineering","Junior","Zone24x7","Battaramulla","Hybrid","Full-time","0-1 years relevant experience",0,1,"Competitive Package",NA,NA,NA,TRUE,2021,5,"Q2","2021-Q2","2021-05",TRUE,"0-1 Years (Entry/Junior)",FALSE,NA,"Undisclosed / Non-LKR","Undisclosed / Non-USD",5,"Node.js; C#; TypeScript; MySQL; React",TRUE,FALSE,TRUE,TRUE
"SYN_00051","Synthetic_Generator_v1",NA,"2026-08-26",NA,"2022-01-05","Senior Cloud Engineer","Senior Cloud Engineer","Cloud & DevOps","Mid","Axiata Digital Labs","Galle","Remote","Full-time","Minimum 2+ years experience",2,5,"Best in Industry",NA,NA,NA,TRUE,2022,1,"Q1","2022-Q1","2022-01",FALSE,"2-4 Years (Mid-Level)",FALSE,NA,"Undisclosed / Non-LKR","Undisclosed / Non-USD",4,"Linux; CI/CD; Azure; Terraform",FALSE,TRUE,FALSE,FALSE
"SYN_00052","Synthetic_Generator_v1",NA,"2026-08-26",NA,"2024-11-26","Senior Senior Software Engineer","Senior Senior Software Engineer","Software Engineering","Senior","Axiata Digital Labs","Battaramulla","On-site","Full-time","5 to 9 years commercial experience",5,9,"Best in Industry",NA,NA,NA,TRUE,2024,11,"Q4","2024-Q4","2024-11",FALSE,"5-7 Years (Senior)",FALSE,NA,"Undisclosed / Non-LKR","Undisclosed / Non-USD",6,"C#; .NET; PostgreSQL; Python; Spring Boot; Docker",TRUE,TRUE,TRUE,TRUE
"SYN_00053","Synthetic_Generator_v1",NA,"2026-08-26",NA,"2016-09-25","Associate Backend Engineer","Associate Backend Engineer","Software Engineering","Junior","Sampath Bank IT","Battaramulla","Hybrid","Full-time","1-2 years relevant experience",1,2,"LKR 110,000 - 143,000",110000,143000,"LKR",TRUE,2016,9,"Q3","2016-Q3","2016-09",TRUE,"0-1 Years (Entry/Junior)",TRUE,126500,"< 150k LKR","Undisclosed / Non-USD",5,"Node.js; .NET; MySQL; TypeScript; Java",TRUE,FALSE,TRUE,TRUE
"SYN_00054","Synthetic_Generator_v1",NA,"2026-08-26",NA,"2024-04-16","Software Developer","Software Developer","Software Engineering","Junior","Rootcode","Colombo","On-site","Full-time","0-1 years relevant experience",0,1,"LKR 1e+05 - 135,000",1e+05,135000,"LKR",TRUE,2024,4,"Q2","2024-Q2","2024-04",TRUE,"0-1 Years (Entry/Junior)",TRUE,117500,"< 150k LKR","Undisclosed / Non-USD",6,"Node.js; Java; Docker; MySQL; C#; Spring Boot",TRUE,TRUE,TRUE,TRUE
"SYN_00055","Synthetic_Generator_v1",NA,"2026-08-26",NA,"2016-03-13","Associate Software Engineer","Associate Software Engineer","Software Engineering","Mid","LSEG Sri Lanka","Remote","Hybrid","Full-time","Minimum 2+ years experience",2,4,"Best in Industry",NA,NA,NA,TRUE,2016,3,"Q1","2016-Q1","2016-03",FALSE,"2-4 Years (Mid-Level)",FALSE,NA,"Undisclosed / Non-LKR","Undisclosed / Non-USD",4,".NET; REST API; Docker; Node.js",FALSE,TRUE,TRUE,FALSE
"SYN_00056","Synthetic_Generator_v1",NA,"2026-08-26",NA,"2024-02-20","Tech Lead","Tech Lead","Software Engineering","Mid","Sampath Bank IT","Colombo","Hybrid","Full-time","Minimum 2+ years experience",2,4,"LKR 4e+05 - 580,000",4e+05,580000,"LKR",TRUE,2024,2,"Q1","2024-Q1","2024-02",FALSE,"2-4 Years (Mid-Level)",TRUE,490000,"300k - 500k LKR","Undisclosed / Non-USD",3,"Docker; Spring Boot; Java",TRUE,TRUE,TRUE,FALSE
"SYN_00057","Synthetic_Generator_v1",NA,"2026-08-26",NA,"2017-05-30","Associate Software Engineer","Associate Software Engineer","Software Engineering","Mid","Virtusa Sri Lanka","Battaramulla","On-site","Full-time","Minimum 3+ years experience",3,6,"Best in Industry",NA,NA,NA,TRUE,2017,5,"Q2","2017-Q2","2017-05",FALSE,"2-4 Years (Mid-Level)",FALSE,NA,"Undisclosed / Non-LKR","Undisclosed / Non-USD",3,".NET; MySQL; Spring Boot",FALSE,FALSE,TRUE,TRUE
"SYN_00058","Synthetic_Generator_v1",NA,"2026-08-26",NA,"2016-11-14","Associate Backend Engineer","Associate Backend Engineer","Software Engineering","Junior","Rootcode","Kandy","Remote","Full-time","0-1 years relevant experience",0,1,"Negotiable",NA,NA,NA,TRUE,2016,11,"Q4","2016-Q4","2016-11",TRUE,"0-1 Years (Entry/Junior)",FALSE,NA,"Undisclosed / Non-LKR","Undisclosed / Non-USD",3,"Java; REST API; MySQL",TRUE,FALSE,FALSE,TRUE
"SYN_00059","Synthetic_Generator_v1",NA,"2026-08-26",NA,"2018-03-14","Tech Lead","Tech Lead","Software Engineering","Mid","gapstars","Nawala","Hybrid","Full-time","Minimum 2+ years experience",2,4,"Competitive Package",NA,NA,NA,TRUE,2018,3,"Q1","2018-Q1","2018-03",FALSE,"2-4 Years (Mid-Level)",FALSE,NA,"Undisclosed / Non-LKR","Undisclosed / Non-USD",5,"Node.js; React; Python; .NET; C#",TRUE,FALSE,TRUE,FALSE
"SYN_00060","Synthetic_Generator_v1",NA,"2026-08-26",NA,"2020-05-21","Software Engineering Intern - Trainee / Intern","Software Engineering Intern - Trainee / Intern","Software Engineering","Intern","DirectFN","Colombo","On-site","Internship","0-1 year or Undergraduate",0,1,"LKR 60,000 - 78,000",60000,78000,"LKR",TRUE,2020,5,"Q2","2020-Q2","2020-05",TRUE,"0-1 Years (Entry/Junior)",TRUE,69000,"< 150k LKR","Undisclosed / Non-USD",5,"REST API; Python; React; C#; TypeScript",TRUE,FALSE,TRUE,FALSE
"SYN_00061","Synthetic_Generator_v1",NA,"2026-08-26",NA,"2019-07-26","Cloud Infra Engineer","Cloud Infra Engineer","Cloud & DevOps","Mid","Sysco LABS Sri Lanka","Colombo","On-site","Full-time","Minimum 3+ years experience",3,6,"Market Competitive",NA,NA,NA,TRUE,2019,7,"Q3","2019-Q3","2019-07",FALSE,"2-4 Years (Mid-Level)",FALSE,NA,"Undisclosed / Non-LKR","Undisclosed / Non-USD",4,"AWS; Kubernetes; Terraform; Docker",FALSE,TRUE,FALSE,FALSE
"SYN_00062","Synthetic_Generator_v1",NA,"2026-08-26",NA,"2024-12-12","Senior Business Analyst","Senior Business Analyst","Management & Business Analysis","Mid","Tiqri Sri Lanka","Colombo","Hybrid","Full-time","Minimum 3+ years experience",3,5,"Best in Industry",NA,NA,NA,TRUE,2024,12,"Q4","2024-Q4","2024-12",FALSE,"2-4 Years (Mid-Level)",FALSE,NA,"Undisclosed / Non-LKR","Undisclosed / Non-USD",5,"Agile; JIRA; Business Analysis; SQL; Project Management",FALSE,FALSE,FALSE,TRUE
"SYN_00063","Synthetic_Generator_v1",NA,"2026-08-26",NA,"2016-09-05","Sr. Automation Test Engineer","Senior Automation Test Engineer","QA & Test Automation","Senior","gapstars","Colombo","Hybrid","Full-time","6 to 10 years commercial experience",6,10,"Best in Industry",NA,NA,NA,TRUE,2016,9,"Q3","2016-Q3","2016-09",FALSE,"5-7 Years (Senior)",FALSE,NA,"Undisclosed / Non-LKR","Undisclosed / Non-USD",6,"JIRA; Manual Testing; JMeter; Java; Postman; Cypress",TRUE,FALSE,FALSE,FALSE
"SYN_00064","Synthetic_Generator_v1",NA,"2026-08-26",NA,"2025-02-18","Sr. Full-Stack Software Engineer","Senior Full-Stack Software Engineer","Software Engineering","Senior","Creative Software","Colombo","On-site","Full-time","6 to 8 years commercial experience",6,8,"Negotiable",NA,NA,NA,TRUE,2025,2,"Q1","2025-Q1","2025-02",FALSE,"5-7 Years (Senior)",FALSE,NA,"Undisclosed / Non-LKR","Undisclosed / Non-USD",6,"Java; Python; REST API; Spring Boot; .NET; React",TRUE,FALSE,TRUE,FALSE
"SYN_00065","Synthetic_Generator_v1",NA,"2026-08-26",NA,"2021-03-28","Senior Data Engineer","Senior Data Engineer","Data & AI / ML","Senior","Dialog Axiata","Galle","Hybrid","Full-time","4 to 6 years commercial experience",4,6,"Competitive Package",NA,NA,NA,TRUE,2021,3,"Q1","2021-Q1","2021-03",FALSE,"2-4 Years (Mid-Level)",FALSE,NA,"Undisclosed / Non-LKR","Undisclosed / Non-USD",5,"PyTorch; TensorFlow; Power BI; Pandas; Python",TRUE,FALSE,TRUE,FALSE
"SYN_00066","Synthetic_Generator_v1",NA,"2026-08-26",NA,"2023-08-28","Software Developer","Software Developer","Software Engineering","Mid","Brandix IT","Remote","On-site","Full-time","Minimum 2+ years experience",2,5,"USD 1182 - 1478 (Pegged)",1182,1478,"USD",TRUE,2023,8,"Q3","2023-Q3","2023-08",FALSE,"2-4 Years (Mid-Level)",TRUE,1330,"Undisclosed / Non-LKR","$1,000 - $1,800 USD",5,"Spring Boot; Docker; React; C#; PostgreSQL",TRUE,TRUE,TRUE,TRUE
"SYN_00067","Synthetic_Generator_v1",NA,"2026-08-26",NA,"2020-06-19","Associate SE","Associate Software Engineer","Software Engineering","Junior","hSenid Mobile Solutions","Kandy","Hybrid","Full-time","1-2 years relevant experience",1,2,"LKR 150,000 - 210,000",150000,210000,"LKR",TRUE,2020,6,"Q2","2020-Q2","2020-06",TRUE,"0-1 Years (Entry/Junior)",TRUE,180000,"150k - 300k LKR","Undisclosed / Non-USD",5,"PostgreSQL; REST API; Python; .NET; React",TRUE,FALSE,TRUE,TRUE
"SYN_00068","Synthetic_Generator_v1",NA,"2026-08-26",NA,"2021-09-13","Senior Machine Learning Engineer","Senior Machine Learning Engineer","Data & AI / ML","Senior","CodeGen International","Kandy","On-site","Full-time","6 to 9 years commercial experience",6,9,"Negotiable",NA,NA,NA,TRUE,2021,9,"Q3","2021-Q3","2021-09",FALSE,"5-7 Years (Senior)",FALSE,NA,"Undisclosed / Non-LKR","Undisclosed / Non-USD",3,"TensorFlow; Pandas; Python",TRUE,FALSE,TRUE,FALSE
"SYN_00069","Synthetic_Generator_v1",NA,"2026-08-26",NA,"2018-12-24","Full-Stack Software Engineer","Full-Stack Software Engineer","Software Engineering","Junior","Rootcode","Colombo","Hybrid","Full-time","1-2 years relevant experience",1,2,"Best in Industry",NA,NA,NA,TRUE,2018,12,"Q4","2018-Q4","2018-12",TRUE,"0-1 Years (Entry/Junior)",FALSE,NA,"Undisclosed / Non-LKR","Undisclosed / Non-USD",4,"C#; .NET; Spring Boot; MySQL",TRUE,FALSE,TRUE,TRUE
"SYN_00070","Synthetic_Generator_v1",NA,"2026-08-26",NA,"2024-02-05","Cloud & DevOps Intern","Cloud & DevOps Intern","Cloud & DevOps","Intern","CodeGen International","Kandy","Hybrid","Internship","0-1 year or Undergraduate",0,1,"Attractive Remuneration",NA,NA,NA,TRUE,2024,2,"Q1","2024-Q1","2024-02",TRUE,"0-1 Years (Entry/Junior)",FALSE,NA,"Undisclosed / Non-LKR","Undisclosed / Non-USD",5,"CI/CD; Linux; Kubernetes; Azure; AWS",FALSE,TRUE,FALSE,FALSE
"SYN_00071","Synthetic_Generator_v1",NA,"2026-08-26",NA,"2022-12-24","Lead QA Lead","Lead QA Lead","QA & Test Automation","Lead","Zone24x7","Colombo","Hybrid","Full-time","9+ years leadership experience",9,NA,"Best in Industry",NA,NA,NA,TRUE,2022,12,"Q4","2022-Q4","2022-12",FALSE,"8+ Years (Lead/Principal)",FALSE,NA,"Undisclosed / Non-LKR","Undisclosed / Non-USD",5,"Manual Testing; JIRA; Selenium; Postman; Java",TRUE,FALSE,FALSE,FALSE
"SYN_00072","Synthetic_Generator_v1",NA,"2026-08-26",NA,"2016-12-30","DevOps / SRE","DevOps / SRE","Cloud & DevOps","Mid","hSenid Mobile Solutions","Nawala","Hybrid","Full-time","Minimum 3+ years experience",3,6,"LKR 4e+05 - 520,000",4e+05,520000,"LKR",TRUE,2016,12,"Q4","2016-Q4","2016-12",FALSE,"2-4 Years (Mid-Level)",TRUE,460000,"300k - 500k LKR","Undisclosed / Non-USD",3,"Linux; CI/CD; Terraform",FALSE,TRUE,FALSE,FALSE
"SYN_00073","Synthetic_Generator_v1",NA,"2026-08-26",NA,"2023-03-24","Quality Assurance Analyst","Quality Assurance Analyst","QA & Test Automation","Mid","Sampath Bank IT","Colombo","On-site","Full-time","Minimum 3+ years experience",3,6,"Negotiable",NA,NA,NA,TRUE,2023,3,"Q1","2023-Q1","2023-03",FALSE,"2-4 Years (Mid-Level)",FALSE,NA,"Undisclosed / Non-LKR","Undisclosed / Non-USD",4,"Playwright; JIRA; Java; Selenium",TRUE,FALSE,FALSE,FALSE
"SYN_00074","Synthetic_Generator_v1",NA,"2026-08-26",NA,"2024-05-21","Network Engineer","Network Engineer","IT Systems & Infrastructure","Mid","Zone24x7","Kandy","Remote","Full-time","Minimum 3+ years experience",3,6,"Negotiable",NA,NA,NA,TRUE,2024,5,"Q2","2024-Q2","2024-05",FALSE,"2-4 Years (Mid-Level)",FALSE,NA,"Undisclosed / Non-LKR","Undisclosed / Non-USD",5,"Linux; TCP/IP; Active Directory; Desktop Troubleshooting; Cisco",FALSE,FALSE,FALSE,FALSE
"SYN_00075","Synthetic_Generator_v1",NA,"2026-08-26",NA,"2022-09-08","Associate Site Reliability Engineer","Associate Site Reliability Engineer","Cloud & DevOps","Junior","Rootcode","Remote","On-site","Full-time","0-2 years relevant experience",0,2,"LKR 140,000 - 175,000",140000,175000,"LKR",TRUE,2022,9,"Q3","2022-Q3","2022-09",TRUE,"0-1 Years (Entry/Junior)",TRUE,157500,"150k - 300k LKR","Undisclosed / Non-USD",3,"AWS; Terraform; Docker",FALSE,TRUE,FALSE,FALSE
"SYN_00076","Synthetic_Generator_v1",NA,"2026-08-26",NA,"2022-02-07","Senior Machine Learning Engineer","Senior Machine Learning Engineer","Data & AI / ML","Senior","WSO2","Colombo","Hybrid","Full-time","5 to 8 years commercial experience",5,8,"LKR 5e+05 - 725,000",5e+05,725000,"LKR",TRUE,2022,2,"Q1","2022-Q1","2022-02",FALSE,"5-7 Years (Senior)",TRUE,612500,"500k - 750k LKR","Undisclosed / Non-USD",6,"Power BI; SQL; PyTorch; Pandas; TensorFlow; PySpark",FALSE,FALSE,TRUE,TRUE
"SYN_00077","Synthetic_Generator_v1",NA,"2026-08-26",NA,"2025-07-08","Senior Software Engineer","Senior Software Engineer","Software Engineering","Mid","Brandix IT","Colombo","On-site","Full-time","Minimum 3+ years experience",3,6,"Best in Industry",NA,NA,NA,TRUE,2025,7,"Q3","2025-Q3","2025-07",FALSE,"2-4 Years (Mid-Level)",FALSE,NA,"Undisclosed / Non-LKR","Undisclosed / Non-USD",5,"Python; Spring Boot; MySQL; Node.js; Docker",TRUE,TRUE,TRUE,TRUE
"SYN_00078","Synthetic_Generator_v1",NA,"2026-08-26",NA,"2024-05-21","Management & Business Analysis Intern - Trainee / Intern","Management & Business Analysis Intern - Trainee / Intern","Management & Business Analysis","Intern","Zone24x7","Colombo","On-site","Internship","0-1 year or Undergraduate",0,1,"Negotiable",NA,NA,NA,TRUE,2024,5,"Q2","2024-Q2","2024-05",TRUE,"0-1 Years (Entry/Junior)",FALSE,NA,"Undisclosed / Non-LKR","Undisclosed / Non-USD",3,"JIRA; Business Analysis; SQL",FALSE,FALSE,FALSE,TRUE
"SYN_00079","Synthetic_Generator_v1",NA,"2026-08-26",NA,"2024-02-26","SSE","Senior Software Engineer","Software Engineering","Junior","Brandix IT","Kandy","On-site","Full-time","0-2 years relevant experience",0,2,"Market Competitive",NA,NA,NA,TRUE,2024,2,"Q1","2024-Q1","2024-02",TRUE,"0-1 Years (Entry/Junior)",FALSE,NA,"Undisclosed / Non-LKR","Undisclosed / Non-USD",5,"REST; PostgreSQL; C#; Spring Boot; Docker",TRUE,TRUE,TRUE,TRUE
"SYN_00080","Synthetic_Generator_v1",NA,"2026-08-26",NA,"2019-01-08","Associate Frontend Developer","Associate Frontend Developer","Software Engineering","Junior","Zone24x7","Colombo","On-site","Full-time","1-3 years relevant experience",1,3,"Market Competitive",NA,NA,NA,TRUE,2019,1,"Q1","2019-Q1","2019-01",TRUE,"0-1 Years (Entry/Junior)",FALSE,NA,"Undisclosed / Non-LKR","Undisclosed / Non-USD",6,"PostgreSQL; .NET; REST; Spring Boot; Docker; C#",TRUE,TRUE,TRUE,TRUE
"SYN_00081","Synthetic_Generator_v1",NA,"2026-08-26",NA,"2018-03-27","Backend Engineer","Backend Engineer","Software Engineering","Mid","CodeGen International","Colombo","Hybrid","Full-time","Minimum 2+ years experience",2,4,"Best in Industry",NA,NA,NA,TRUE,2018,3,"Q1","2018-Q1","2018-03",FALSE,"2-4 Years (Mid-Level)",FALSE,NA,"Undisclosed / Non-LKR","Undisclosed / Non-USD",3,"Python; PostgreSQL; C#",TRUE,FALSE,FALSE,TRUE
"SYN_00082","Synthetic_Generator_v1",NA,"2026-08-26",NA,"2019-04-10","Sr. Cyber Security Specialist","Senior Cyber Security Specialist","Cyber Security","Senior","Sysco LABS Sri Lanka","Battaramulla","On-site","Full-time","6 to 9 years commercial experience",6,9,"LKR 650,000 - 877,500",650000,877500,"LKR",TRUE,2019,4,"Q2","2019-Q2","2019-04",FALSE,"5-7 Years (Senior)",TRUE,763750,"750k+ LKR","Undisclosed / Non-USD",5,"ISO 27001; QRadar; Network Security; Vulnerability Assessment; Linux",FALSE,FALSE,FALSE,FALSE
"SYN_00083","Synthetic_Generator_v1",NA,"2026-08-26",NA,"2019-08-07","Software Engineering Intern","Software Engineering Intern","Software Engineering","Intern","Creative Software","Remote","Remote","Internship","0-1 year or Undergraduate",0,1,"Market Competitive",NA,NA,NA,TRUE,2019,8,"Q3","2019-Q3","2019-08",TRUE,"0-1 Years (Entry/Junior)",FALSE,NA,"Undisclosed / Non-LKR","Undisclosed / Non-USD",6,"Docker; Spring Boot; Python; .NET; MySQL; React",TRUE,TRUE,TRUE,TRUE
"SYN_00084","Synthetic_Generator_v1",NA,"2026-08-26",NA,"2017-08-20","QA Engineer","QA Engineer","QA & Test Automation","Junior","Sampath Bank IT","Battaramulla","On-site","Full-time","1-2 years relevant experience",1,2,"USD 764 - 917 (Pegged)",764,917,"USD",TRUE,2017,8,"Q3","2017-Q3","2017-08",TRUE,"0-1 Years (Entry/Junior)",TRUE,840.5,"Undisclosed / Non-LKR","< $1,000 USD",5,"Cypress; Postman; Manual Testing; Playwright; Selenium",FALSE,FALSE,FALSE,FALSE
"SYN_00085","Synthetic_Generator_v1",NA,"2026-08-26",NA,"2017-05-17","ML / AI Engineer","ML / AI Engineer","Data & AI / ML","Mid","Pearson Lanka","Galle","Remote","Full-time","Minimum 3+ years experience",3,5,"Negotiable",NA,NA,NA,TRUE,2017,5,"Q2","2017-Q2","2017-05",FALSE,"2-4 Years (Mid-Level)",FALSE,NA,"Undisclosed / Non-LKR","Undisclosed / Non-USD",3,"Pandas; Power BI; SQL",FALSE,FALSE,TRUE,TRUE
"SYN_00086","Synthetic_Generator_v1",NA,"2026-08-26",NA,"2017-04-02","NOC Engineer","NOC Engineer","IT Systems & Infrastructure","Mid","gapstars","Galle","Hybrid","Full-time","Minimum 3+ years experience",3,5,"Attractive Remuneration",NA,NA,NA,TRUE,2017,4,"Q2","2017-Q2","2017-04",FALSE,"2-4 Years (Mid-Level)",FALSE,NA,"Undisclosed / Non-LKR","Undisclosed / Non-USD",3,"CCNA; Linux; Windows Server",FALSE,FALSE,FALSE,FALSE
"SYN_00087","Synthetic_Generator_v1",NA,"2026-08-26",NA,"2024-04-10","Software Engineering Intern - Trainee / Intern","Software Engineering Intern - Trainee / Intern","Software Engineering","Intern","Sysco LABS Sri Lanka","Colombo","Hybrid","Internship","0-1 year or Undergraduate",0,1,"Competitive Package",NA,NA,NA,TRUE,2024,4,"Q2","2024-Q2","2024-04",TRUE,"0-1 Years (Entry/Junior)",FALSE,NA,"Undisclosed / Non-LKR","Undisclosed / Non-USD",6,"Spring Boot; PostgreSQL; React; Node.js; .NET; REST API",FALSE,FALSE,TRUE,TRUE
"SYN_00088","Synthetic_Generator_v1",NA,"2026-08-26",NA,"2017-09-01","UI/UX & Product Design Intern","UI/UX & Product Design Intern","UI/UX & Product Design","Intern","99x","Colombo","On-site","Internship","0-1 year or Undergraduate",0,1,"Attractive Remuneration",NA,NA,NA,TRUE,2017,9,"Q3","2017-Q3","2017-09",TRUE,"0-1 Years (Entry/Junior)",FALSE,NA,"Undisclosed / Non-LKR","Undisclosed / Non-USD",5,"Wireframing; Design Systems; Figma; Prototyping; UX Research",FALSE,FALSE,FALSE,FALSE
"SYN_00089","Synthetic_Generator_v1",NA,"2026-08-26",NA,"2016-08-13","Data Analyst (Power BI)","Data Analyst (Power BI)","Data & AI / ML","Mid","Mitra Innovation","Colombo","Hybrid","Full-time","Minimum 3+ years experience",3,5,"Competitive Package",NA,NA,NA,TRUE,2016,8,"Q3","2016-Q3","2016-08",FALSE,"2-4 Years (Mid-Level)",FALSE,NA,"Undisclosed / Non-LKR","Undisclosed / Non-USD",5,"Python; Power BI; PyTorch; TensorFlow; SQL",TRUE,FALSE,TRUE,TRUE
"SYN_00090","Synthetic_Generator_v1",NA,"2026-08-26",NA,"2017-12-07","Principal / Lead Cyber Security Specialist","Principal / Lead Cyber Security Specialist","Cyber Security","Lead","CodeGen International","Kandy","Hybrid","Full-time","9+ years leadership experience",9,NA,"Best in Industry",NA,NA,NA,TRUE,2017,12,"Q4","2017-Q4","2017-12",FALSE,"8+ Years (Lead/Principal)",FALSE,NA,"Undisclosed / Non-LKR","Undisclosed / Non-USD",5,"QRadar; ISO 27001; Vulnerability Assessment; Linux; Network Security",FALSE,FALSE,FALSE,FALSE
"SYN_00091","Synthetic_Generator_v1",NA,"2026-08-26",NA,"2025-04-21","Associate Site Reliability Engineer","Associate Site Reliability Engineer","Cloud & DevOps","Junior","Sysco LABS Sri Lanka","Kandy","Hybrid","Full-time","1-3 years relevant experience",1,3,"Competitive Package",NA,NA,NA,TRUE,2025,4,"Q2","2025-Q2","2025-04",TRUE,"0-1 Years (Entry/Junior)",FALSE,NA,"Undisclosed / Non-LKR","Undisclosed / Non-USD",6,"Docker; Kubernetes; CI/CD; Linux; Terraform; AWS",FALSE,TRUE,FALSE,FALSE
"SYN_00092","Synthetic_Generator_v1",NA,"2026-08-26",NA,"2024-04-04","Sr. SSE","Senior Senior Software Engineer","Software Engineering","Senior","99x","Colombo","Hybrid","Full-time","5 to 8 years commercial experience",5,8,"Competitive Package",NA,NA,NA,TRUE,2024,4,"Q2","2024-Q2","2024-04",FALSE,"5-7 Years (Senior)",FALSE,NA,"Undisclosed / Non-LKR","Undisclosed / Non-USD",6,"TypeScript; PostgreSQL; Python; Spring Boot; REST API; Docker",TRUE,TRUE,TRUE,TRUE
"SYN_00093","Synthetic_Generator_v1",NA,"2026-08-26",NA,"2020-07-21","Principal / Lead QA Engineer","Principal / Lead QA Engineer","QA & Test Automation","Lead","Sysco LABS Sri Lanka","Colombo","On-site","Full-time","9+ years leadership experience",9,NA,"Best in Industry",NA,NA,NA,TRUE,2020,7,"Q3","2020-Q3","2020-07",FALSE,"8+ Years (Lead/Principal)",FALSE,NA,"Undisclosed / Non-LKR","Undisclosed / Non-USD",3,"Manual Testing; JMeter; Postman",FALSE,FALSE,FALSE,FALSE
"SYN_00094","Synthetic_Generator_v1",NA,"2026-08-26",NA,"2019-01-13","Associate Information Security Analyst","Associate Information Security Analyst","Cyber Security","Junior","LSEG Sri Lanka","Colombo","On-site","Full-time","0-2 years relevant experience",0,2,"Market Competitive",NA,NA,NA,TRUE,2019,1,"Q1","2019-Q1","2019-01",TRUE,"0-1 Years (Entry/Junior)",FALSE,NA,"Undisclosed / Non-LKR","Undisclosed / Non-USD",4,"VAPT; Splunk; Linux; Firewall Configuration",FALSE,FALSE,FALSE,FALSE
"SYN_00095","Synthetic_Generator_v1",NA,"2026-08-26",NA,"2018-02-23","Sr. IT Support Officer","Senior IT Support Officer","IT Systems & Infrastructure","Senior","Rootcode","Battaramulla","Hybrid","Full-time","4 to 7 years commercial experience",4,7,"Best in Industry",NA,NA,NA,TRUE,2018,2,"Q1","2018-Q1","2018-02",FALSE,"2-4 Years (Mid-Level)",FALSE,NA,"Undisclosed / Non-LKR","Undisclosed / Non-USD",4,"Linux; CCNA; Windows Server; Hardware Support",FALSE,FALSE,FALSE,FALSE
"SYN_00096","Synthetic_Generator_v1",NA,"2026-08-26",NA,"2017-07-20","Cyber Security Intern - Trainee / Intern","Cyber Security Intern - Trainee / Intern","Cyber Security","Intern","Tiqri Sri Lanka","Galle","Hybrid","Internship","0-1 year or Undergraduate",0,1,"Competitive Package",NA,NA,NA,TRUE,2017,7,"Q3","2017-Q3","2017-07",TRUE,"0-1 Years (Entry/Junior)",FALSE,NA,"Undisclosed / Non-LKR","Undisclosed / Non-USD",3,"ISO 27001; Vulnerability Assessment; Linux",FALSE,FALSE,FALSE,FALSE
"SYN_00097","Synthetic_Generator_v1",NA,"2026-08-26",NA,"2022-12-30","Full Stack Developer","Full Stack Developer","Software Engineering","Mid","Rootcode","Nawala","On-site","Full-time","Minimum 2+ years experience",2,5,"LKR 240,000 - 336,000",240000,336000,"LKR",TRUE,2022,12,"Q4","2022-Q4","2022-12",FALSE,"2-4 Years (Mid-Level)",TRUE,288000,"150k - 300k LKR","Undisclosed / Non-USD",5,"Python; REST API; C#; TypeScript; PostgreSQL",TRUE,FALSE,FALSE,TRUE
"SYN_00098","Synthetic_Generator_v1",NA,"2026-08-26",NA,"2019-07-13","Technical Project Manager","Technical Project Manager","Management & Business Analysis","Mid","Virtusa Sri Lanka","Galle","Hybrid","Full-time","Minimum 2+ years experience",2,5,"Best in Industry",NA,NA,NA,TRUE,2019,7,"Q3","2019-Q3","2019-07",FALSE,"2-4 Years (Mid-Level)",FALSE,NA,"Undisclosed / Non-LKR","Undisclosed / Non-USD",5,"Agile; JIRA; Project Management; SQL; Business Analysis",FALSE,FALSE,FALSE,TRUE
"SYN_00099","Synthetic_Generator_v1",NA,"2026-08-26",NA,"2020-11-01","Lead Systems Administrator","Lead Systems Administrator","IT Systems & Infrastructure","Lead","Brandix IT","Colombo","Remote","Full-time","7+ years leadership experience",7,NA,"Attractive Remuneration",NA,NA,NA,TRUE,2020,11,"Q4","2020-Q4","2020-11",FALSE,"5-7 Years (Senior)",FALSE,NA,"Undisclosed / Non-LKR","Undisclosed / Non-USD",5,"Linux; Desktop Troubleshooting; Active Directory; Cisco; Networking",FALSE,FALSE,FALSE,FALSE
"SYN_00100","Synthetic_Generator_v1",NA,"2026-08-26",NA,"2018-10-08","Associate Software Engineer","Associate Software Engineer","Software Engineering","Mid","DirectFN","Kandy","Hybrid","Full-time","Minimum 3+ years experience",3,5,"Negotiable",NA,NA,NA,TRUE,2018,10,"Q4","2018-Q4","2018-10",FALSE,"2-4 Years (Mid-Level)",FALSE,NA,"Undisclosed / Non-LKR","Undisclosed / Non-USD",5,"Node.js; C#; PostgreSQL; Spring Boot; Python",TRUE,FALSE,TRUE,TRUE
"SYN_00101","Synthetic_Generator_v1",NA,"2026-08-26",NA,"2016-02-05","Associate Software Engineer","Associate Software Engineer","Software Engineering","Junior","Pearson Lanka","Galle","On-site","Full-time","1-3 years relevant experience",1,3,"Market Competitive",NA,NA,NA,TRUE,2016,2,"Q1","2016-Q1","2016-02",TRUE,"0-1 Years (Entry/Junior)",FALSE,NA,"Undisclosed / Non-LKR","Undisclosed / Non-USD",6,"React; PostgreSQL; REST API; MySQL; Docker; C#",TRUE,TRUE,TRUE,TRUE
"SYN_00102","Synthetic_Generator_v1",NA,"2026-08-26",NA,"2021-03-27","QA & Test Automation Intern - Trainee / Intern","QA & Test Automation Intern - Trainee / Intern","QA & Test Automation","Intern","CodeGen International","Nawala","On-site","Internship","0-1 year or Undergraduate",0,1,"USD 200 - 250 (Pegged)",200,250,"USD",TRUE,2021,3,"Q1","2021-Q1","2021-03",TRUE,"0-1 Years (Entry/Junior)",TRUE,225,"Undisclosed / Non-LKR","< $1,000 USD",4,"Selenium; Playwright; Postman; Cypress",FALSE,FALSE,FALSE,FALSE
"SYN_00103","Synthetic_Generator_v1",NA,"2026-08-26",NA,"2017-01-24","Associate Product Designer","Associate Product Designer","UI/UX & Product Design","Junior","DirectFN","Colombo","Hybrid","Full-time","1-2 years relevant experience",1,2,"Competitive Package",NA,NA,NA,TRUE,2017,1,"Q1","2017-Q1","2017-01",TRUE,"0-1 Years (Entry/Junior)",FALSE,NA,"Undisclosed / Non-LKR","Undisclosed / Non-USD",3,"Interactive Prototypes; Figma; Wireframing",FALSE,FALSE,FALSE,FALSE
"SYN_00104","Synthetic_Generator_v1",NA,"2026-08-26",NA,"2019-12-16","Automation Test Engineer","Automation Test Engineer","QA & Test Automation","Mid","Calcey Technologies","Galle","Remote","Full-time","Minimum 3+ years experience",3,5,"Attractive Remuneration",NA,NA,NA,TRUE,2019,12,"Q4","2019-Q4","2019-12",FALSE,"2-4 Years (Mid-Level)",FALSE,NA,"Undisclosed / Non-LKR","Undisclosed / Non-USD",6,"JMeter; Selenium; Manual Testing; JIRA; Playwright; Cypress",FALSE,FALSE,FALSE,FALSE
"SYN_00105","Synthetic_Generator_v1",NA,"2026-08-26",NA,"2024-04-02","Data Scientist","Data Scientist","Data & AI / ML","Mid","Surge Global","Nawala","Hybrid","Full-time","Minimum 3+ years experience",3,6,"Best in Industry",NA,NA,NA,TRUE,2024,4,"Q2","2024-Q2","2024-04",FALSE,"2-4 Years (Mid-Level)",FALSE,NA,"Undisclosed / Non-LKR","Undisclosed / Non-USD",4,"PyTorch; Spark; SQL; Python",TRUE,FALSE,TRUE,TRUE
"SYN_00106","Synthetic_Generator_v1",NA,"2026-08-26",NA,"2022-02-12","Machine Learning Engineer","Machine Learning Engineer","Data & AI / ML","Mid","Sampath Bank IT","Battaramulla","Hybrid","Full-time","Minimum 2+ years experience",2,4,"Attractive Remuneration",NA,NA,NA,TRUE,2022,2,"Q1","2022-Q1","2022-02",FALSE,"2-4 Years (Mid-Level)",FALSE,NA,"Undisclosed / Non-LKR","Undisclosed / Non-USD",3,"PyTorch; PySpark; Pandas",FALSE,FALSE,TRUE,FALSE
"SYN_00107","Synthetic_Generator_v1",NA,"2026-08-26",NA,"2016-11-07","Associate Quality Assurance Analyst","Associate Quality Assurance Analyst","QA & Test Automation","Junior","Sampath Bank IT","Galle","On-site","Full-time","1-3 years relevant experience",1,3,"Competitive Package",NA,NA,NA,TRUE,2016,11,"Q4","2016-Q4","2016-11",TRUE,"0-1 Years (Entry/Junior)",FALSE,NA,"Undisclosed / Non-LKR","Undisclosed / Non-USD",3,"Postman; Playwright; Java",TRUE,FALSE,FALSE,FALSE
"SYN_00108","Synthetic_Generator_v1",NA,"2026-08-26",NA,"2020-04-18","Senior Data Analyst","Senior Data Analyst","Data & AI / ML","Senior","Virtusa Sri Lanka","Remote","Hybrid","Full-time","5 to 7 years commercial experience",5,7,"Attractive Remuneration",NA,NA,NA,TRUE,2020,4,"Q2","2020-Q2","2020-04",FALSE,"5-7 Years (Senior)",FALSE,NA,"Undisclosed / Non-LKR","Undisclosed / Non-USD",4,"Python; Pandas; PyTorch; TensorFlow",TRUE,FALSE,TRUE,FALSE
"SYN_00109","Synthetic_Generator_v1",NA,"2026-08-26",NA,"2024-12-15","Lead Security Consultant","Lead Security Consultant","Cyber Security","Lead","WSO2","Battaramulla","Hybrid","Full-time","9+ years leadership experience",9,NA,"LKR 1,050,000 - 1,470,000",1050000,1470000,"LKR",TRUE,2024,12,"Q4","2024-Q4","2024-12",FALSE,"8+ Years (Lead/Principal)",TRUE,1260000,"750k+ LKR","Undisclosed / Non-USD",3,"Firewall Configuration; Linux; Vulnerability Assessment",FALSE,FALSE,FALSE,FALSE
"SYN_00110","Synthetic_Generator_v1",NA,"2026-08-26",NA,"2021-03-14","Sr. QA Automation Eng","Senior QA Automation Engineer","QA & Test Automation","Mid","LSEG Sri Lanka","Colombo","Hybrid","Full-time","Minimum 2+ years experience",2,5,"Market Competitive",NA,NA,NA,TRUE,2021,3,"Q1","2021-Q1","2021-03",FALSE,"2-4 Years (Mid-Level)",FALSE,NA,"Undisclosed / Non-LKR","Undisclosed / Non-USD",5,"JIRA; Postman; JMeter; Cypress; Manual Testing",FALSE,FALSE,FALSE,FALSE
"SYN_00111","Synthetic_Generator_v1",NA,"2026-08-26",NA,"2022-09-16","QA Engineer","QA Engineer","QA & Test Automation","Mid","Tiqri Sri Lanka","Galle","Hybrid","Full-time","Minimum 2+ years experience",2,5,"LKR 320,000 - 432,000",320000,432000,"LKR",TRUE,2022,9,"Q3","2022-Q3","2022-09",FALSE,"2-4 Years (Mid-Level)",TRUE,376000,"300k - 500k LKR","Undisclosed / Non-USD",5,"Java; Postman; JIRA; JMeter; Playwright",TRUE,FALSE,FALSE,FALSE
"SYN_00112","Synthetic_Generator_v1",NA,"2026-08-26",NA,"2025-05-07","Associate Associate QA Engineer","Associate Associate QA Engineer","QA & Test Automation","Junior","Pearson Lanka","Galle","On-site","Full-time","0-2 years relevant experience",0,2,"Best in Industry",NA,NA,NA,TRUE,2025,5,"Q2","2025-Q2","2025-05",TRUE,"0-1 Years (Entry/Junior)",FALSE,NA,"Undisclosed / Non-LKR","Undisclosed / Non-USD",3,"JMeter; JIRA; Manual Testing",FALSE,FALSE,FALSE,FALSE
"SYN_00113","Synthetic_Generator_v1",NA,"2026-08-26",NA,"2017-09-29","Software Engineering Intern","Software Engineering Intern","Software Engineering","Intern","Creative Software","Kandy","On-site","Internship","0-1 year or Undergraduate",0,1,"Negotiable",NA,NA,NA,TRUE,2017,9,"Q3","2017-Q3","2017-09",TRUE,"0-1 Years (Entry/Junior)",FALSE,NA,"Undisclosed / Non-LKR","Undisclosed / Non-USD",6,"Python; .NET; Java; PostgreSQL; React; Node.js",TRUE,FALSE,TRUE,TRUE
"SYN_00114","Synthetic_Generator_v1",NA,"2026-08-26",NA,"2018-08-11","Full Stack Developer","Full Stack Developer","Software Engineering","Mid","gapstars","Colombo","Hybrid","Full-time","Minimum 3+ years experience",3,5,"Market Competitive",NA,NA,NA,TRUE,2018,8,"Q3","2018-Q3","2018-08",FALSE,"2-4 Years (Mid-Level)",FALSE,NA,"Undisclosed / Non-LKR","Undisclosed / Non-USD",6,"MySQL; Java; .NET; Docker; Spring Boot; React",TRUE,TRUE,TRUE,TRUE
"SYN_00115","Synthetic_Generator_v1",NA,"2026-08-26",NA,"2025-11-30","Software Engineering Intern - Trainee / Intern","Software Engineering Intern - Trainee / Intern","Software Engineering","Intern","CodeGen International","Colombo","On-site","Internship","0-1 year or Undergraduate",0,1,"Negotiable",NA,NA,NA,TRUE,2025,11,"Q4","2025-Q4","2025-11",TRUE,"0-1 Years (Entry/Junior)",FALSE,NA,"Undisclosed / Non-LKR","Undisclosed / Non-USD",4,"REST; TypeScript; Spring Boot; Node.js",TRUE,FALSE,TRUE,FALSE
"SYN_00116","Synthetic_Generator_v1",NA,"2026-08-26",NA,"2018-02-13","Software Engineer","Software Engineer","Software Engineering","Mid","MillenniumIT ESP","Colombo","Hybrid","Full-time","Minimum 3+ years experience",3,6,"Competitive Package",NA,NA,NA,TRUE,2018,2,"Q1","2018-Q1","2018-02",FALSE,"2-4 Years (Mid-Level)",FALSE,NA,"Undisclosed / Non-LKR","Undisclosed / Non-USD",6,"Java; Spring Boot; MySQL; REST API; PostgreSQL; .NET",TRUE,FALSE,TRUE,TRUE
"SYN_00117","Synthetic_Generator_v1",NA,"2026-08-26",NA,"2024-12-25","Full Stack Developer","Full Stack Developer","Software Engineering","Mid","Dialog Axiata","Colombo","Remote","Full-time","Minimum 2+ years experience",2,4,"Market Competitive",NA,NA,NA,TRUE,2024,12,"Q4","2024-Q4","2024-12",FALSE,"2-4 Years (Mid-Level)",FALSE,NA,"Undisclosed / Non-LKR","Undisclosed / Non-USD",6,"Java; Node.js; .NET; React; Python; PostgreSQL",TRUE,FALSE,TRUE,TRUE
"SYN_00118","Synthetic_Generator_v1",NA,"2026-08-26",NA,"2019-02-09","Principal / Lead QA Engineer","Principal / Lead QA Engineer","QA & Test Automation","Lead","Rootcode","Nawala","Hybrid","Full-time","8+ years leadership experience",8,NA,"Competitive Package",NA,NA,NA,TRUE,2019,2,"Q1","2019-Q1","2019-02",FALSE,"8+ Years (Lead/Principal)",FALSE,NA,"Undisclosed / Non-LKR","Undisclosed / Non-USD",5,"Selenium; Playwright; JMeter; Manual Testing; Cypress",FALSE,FALSE,FALSE,FALSE
"SYN_00119","Synthetic_Generator_v1",NA,"2026-08-26",NA,"2025-08-10","QA & Test Automation Intern - Trainee / Intern","QA & Test Automation Intern - Trainee / Intern","QA & Test Automation","Intern","Axiata Digital Labs","Battaramulla","On-site","Internship","0-1 year or Undergraduate",0,1,"Attractive Remuneration",NA,NA,NA,TRUE,2025,8,"Q3","2025-Q3","2025-08",TRUE,"0-1 Years (Entry/Junior)",FALSE,NA,"Undisclosed / Non-LKR","Undisclosed / Non-USD",4,"Playwright; Cypress; Postman; Selenium",FALSE,FALSE,FALSE,FALSE
"SYN_00120","Synthetic_Generator_v1",NA,"2026-08-26",NA,"2024-05-31","Lead Full Stack Developer","Lead Full Stack Developer","Software Engineering","Lead","Creative Software","Nawala","Remote","Full-time","7+ years leadership experience",7,NA,"Market Competitive",NA,NA,NA,TRUE,2024,5,"Q2","2024-Q2","2024-05",FALSE,"5-7 Years (Senior)",FALSE,NA,"Undisclosed / Non-LKR","Undisclosed / Non-USD",3,"Spring Boot; Node.js; Python",TRUE,FALSE,TRUE,FALSE
"SYN_00121","Synthetic_Generator_v1",NA,"2026-08-26",NA,"2016-11-04","Senior Quality Assurance Analyst","Senior Quality Assurance Analyst","QA & Test Automation","Senior","MillenniumIT ESP","Battaramulla","Remote","Full-time","5 to 8 years commercial experience",5,8,"LKR 750,000 - 975,000",750000,975000,"LKR",TRUE,2016,11,"Q4","2016-Q4","2016-11",FALSE,"5-7 Years (Senior)",TRUE,862500,"750k+ LKR","Undisclosed / Non-USD",4,"Postman; Selenium; JMeter; Java",TRUE,FALSE,FALSE,FALSE
"SYN_00122","Synthetic_Generator_v1",NA,"2026-08-26",NA,"2023-03-25","Senior Software Engineer","Senior Software Engineer","Software Engineering","Senior","Rootcode","Colombo","On-site","Full-time","6 to 9 years commercial experience",6,9,"Negotiable",NA,NA,NA,TRUE,2023,3,"Q1","2023-Q1","2023-03",FALSE,"5-7 Years (Senior)",FALSE,NA,"Undisclosed / Non-LKR","Undisclosed / Non-USD",3,"TypeScript; Python; Docker",TRUE,TRUE,FALSE,FALSE
"SYN_00123","Synthetic_Generator_v1",NA,"2026-08-26",NA,"2026-05-23","Sr. QA Engineer","Senior QA Engineer","QA & Test Automation","Senior","hSenid Mobile Solutions","Battaramulla","On-site","Full-time","6 to 9 years commercial experience",6,9,"Competitive Package",NA,NA,NA,TRUE,2026,5,"Q2","2026-Q2","2026-05",FALSE,"5-7 Years (Senior)",FALSE,NA,"Undisclosed / Non-LKR","Undisclosed / Non-USD",6,"Selenium; Manual Testing; JMeter; JIRA; Java; Playwright",TRUE,FALSE,FALSE,FALSE
"SYN_00124","Synthetic_Generator_v1",NA,"2026-08-26",NA,"2019-06-05","Lead DevOps Engineer","Lead DevOps Engineer","Cloud & DevOps","Lead","IFS Sri Lanka","Galle","Hybrid","Full-time","8+ years leadership experience",8,NA,"Negotiable",NA,NA,NA,TRUE,2019,6,"Q2","2019-Q2","2019-06",FALSE,"8+ Years (Lead/Principal)",FALSE,NA,"Undisclosed / Non-LKR","Undisclosed / Non-USD",4,"Azure; Terraform; CI/CD; Linux",FALSE,TRUE,FALSE,FALSE
"SYN_00125","Synthetic_Generator_v1",NA,"2026-08-26",NA,"2016-05-01","Technical PM","Technical PM","Management & Business Analysis","Junior","DirectFN","Remote","On-site","Full-time","0-1 years relevant experience",0,1,"Best in Industry",NA,NA,NA,TRUE,2016,5,"Q2","2016-Q2","2016-05",TRUE,"0-1 Years (Entry/Junior)",FALSE,NA,"Undisclosed / Non-LKR","Undisclosed / Non-USD",4,"Requirements Analysis; Sprint Planning; JIRA; Agile",FALSE,FALSE,FALSE,FALSE
"SYN_00126","Synthetic_Generator_v1",NA,"2026-08-26",NA,"2025-11-15","QA / Tester","QA Engineer","QA & Test Automation","Mid","Tiqri Sri Lanka","Kandy","On-site","Full-time","Minimum 3+ years experience",3,6,"Market Competitive",NA,NA,NA,TRUE,2025,11,"Q4","2025-Q4","2025-11",FALSE,"2-4 Years (Mid-Level)",FALSE,NA,"Undisclosed / Non-LKR","Undisclosed / Non-USD",5,"Playwright; Cypress; JMeter; Selenium; Java",TRUE,FALSE,FALSE,FALSE
"SYN_00127","Synthetic_Generator_v1",NA,"2026-08-26",NA,"2016-10-20","Tech Lead","Tech Lead","Software Engineering","Mid","Pearson Lanka","Battaramulla","On-site","Full-time","Minimum 3+ years experience",3,6,"Best in Industry",NA,NA,NA,TRUE,2016,10,"Q4","2016-Q4","2016-10",FALSE,"2-4 Years (Mid-Level)",FALSE,NA,"Undisclosed / Non-LKR","Undisclosed / Non-USD",4,"Spring Boot; React; .NET; TypeScript",TRUE,FALSE,TRUE,FALSE
"SYN_00128","Synthetic_Generator_v1",NA,"2026-08-26",NA,"2019-07-08","Senior Frontend Developer","Senior Frontend Developer","Software Engineering","Senior","Sampath Bank IT","Battaramulla","On-site","Full-time","4 to 7 years commercial experience",4,7,"Best in Industry",NA,NA,NA,TRUE,2019,7,"Q3","2019-Q3","2019-07",FALSE,"2-4 Years (Mid-Level)",FALSE,NA,"Undisclosed / Non-LKR","Undisclosed / Non-USD",3,".NET; PostgreSQL; Java",TRUE,FALSE,TRUE,TRUE
"SYN_00129","Synthetic_Generator_v1",NA,"2026-08-26",NA,"2017-03-27","Product Design Lead","Product Design Lead","UI/UX & Product Design","Junior","IFS Sri Lanka","Nawala","Hybrid","Full-time","1-2 years relevant experience",1,2,"Best in Industry",NA,NA,NA,TRUE,2017,3,"Q1","2017-Q1","2017-03",TRUE,"0-1 Years (Entry/Junior)",FALSE,NA,"Undisclosed / Non-LKR","Undisclosed / Non-USD",3,"Wireframes; User Research; Prototyping",FALSE,FALSE,FALSE,FALSE
"SYN_00130","Synthetic_Generator_v1",NA,"2026-08-26",NA,"2018-07-02","Sr. Automation Test Engineer","Senior Automation Test Engineer","QA & Test Automation","Senior","Dialog Axiata","Colombo","On-site","Full-time","6 to 8 years commercial experience",6,8,"Best in Industry",NA,NA,NA,TRUE,2018,7,"Q3","2018-Q3","2018-07",FALSE,"5-7 Years (Senior)",FALSE,NA,"Undisclosed / Non-LKR","Undisclosed / Non-USD",3,"JMeter; Playwright; JIRA",FALSE,FALSE,FALSE,FALSE
"SYN_00131","Synthetic_Generator_v1",NA,"2026-08-26",NA,"2023-01-12","Software Engineering Intern","Software Engineering Intern","Software Engineering","Intern","CodeGen International","Kandy","On-site","Internship","0-1 year or Undergraduate",0,1,"Market Competitive",NA,NA,NA,TRUE,2023,1,"Q1","2023-Q1","2023-01",TRUE,"0-1 Years (Entry/Junior)",FALSE,NA,"Undisclosed / Non-LKR","Undisclosed / Non-USD",6,"Python; React; PostgreSQL; .NET; Docker; Node.js",TRUE,TRUE,TRUE,TRUE
"SYN_00132","Synthetic_Generator_v1",NA,"2026-08-26",NA,"2018-06-05","Sr. Data Analyst (Power BI)","Senior Data Analyst (Power BI)","Data & AI / ML","Senior","Virtusa Sri Lanka","Remote","Hybrid","Full-time","4 to 6 years commercial experience",4,6,"Attractive Remuneration",NA,NA,NA,TRUE,2018,6,"Q2","2018-Q2","2018-06",FALSE,"2-4 Years (Mid-Level)",FALSE,NA,"Undisclosed / Non-LKR","Undisclosed / Non-USD",3,"PyTorch; Pandas; SQL",FALSE,FALSE,TRUE,TRUE
"SYN_00133","Synthetic_Generator_v1",NA,"2026-08-26",NA,"2023-04-21","Associate Cyber Security Engineer","Associate Cyber Security Engineer","Cyber Security","Junior","WSO2","Kandy","Hybrid","Full-time","1-2 years relevant experience",1,2,"Market Competitive",NA,NA,NA,TRUE,2023,4,"Q2","2023-Q2","2023-04",TRUE,"0-1 Years (Entry/Junior)",FALSE,NA,"Undisclosed / Non-LKR","Undisclosed / Non-USD",5,"ISO27001; Firewall Configuration; Vulnerability Assessment; SIEM; Linux",FALSE,FALSE,FALSE,FALSE
"SYN_00134","Synthetic_Generator_v1",NA,"2026-08-26",NA,"2020-11-25","Senior Senior Software Engineer","Senior Senior Software Engineer","Software Engineering","Senior","Mitra Innovation","Colombo","On-site","Full-time","4 to 6 years commercial experience",4,6,"Best in Industry",NA,NA,NA,TRUE,2020,11,"Q4","2020-Q4","2020-11",FALSE,"2-4 Years (Mid-Level)",FALSE,NA,"Undisclosed / Non-LKR","Undisclosed / Non-USD",6,"REST; MySQL; React; Python; TypeScript; .NET",TRUE,FALSE,TRUE,TRUE
"SYN_00135","Synthetic_Generator_v1",NA,"2026-08-26",NA,"2016-01-02","Associate Software Engineer","Associate Software Engineer","Software Engineering","Junior","Pearson Lanka","Battaramulla","Hybrid","Full-time","0-1 years relevant experience",0,1,"LKR 160,000 - 216,000",160000,216000,"LKR",TRUE,2016,1,"Q1","2016-Q1","2016-01",TRUE,"0-1 Years (Entry/Junior)",TRUE,188000,"150k - 300k LKR","Undisclosed / Non-USD",4,"REST API; Node.js; Docker; MySQL",FALSE,TRUE,TRUE,TRUE
"SYN_00136","Synthetic_Generator_v1",NA,"2026-08-26",NA,"2019-01-18","Associate SE","Associate Software Engineer","Software Engineering","Mid","IFS Sri Lanka","Colombo","Hybrid","Full-time","Minimum 3+ years experience",3,6,"Attractive Remuneration",NA,NA,NA,TRUE,2019,1,"Q1","2019-Q1","2019-01",FALSE,"2-4 Years (Mid-Level)",FALSE,NA,"Undisclosed / Non-LKR","Undisclosed / Non-USD",4,"Java; PostgreSQL; Python; Docker",TRUE,TRUE,FALSE,TRUE
"SYN_00137","Synthetic_Generator_v1",NA,"2026-08-26",NA,"2025-01-04","Principal / Lead Software Developer","Principal / Lead Software Developer","Software Engineering","Lead","hSenid Mobile Solutions","Nawala","Remote","Full-time","8+ years leadership experience",8,NA,"Negotiable",NA,NA,NA,TRUE,2025,1,"Q1","2025-Q1","2025-01",FALSE,"8+ Years (Lead/Principal)",FALSE,NA,"Undisclosed / Non-LKR","Undisclosed / Non-USD",3,"React; Node.js; Java",TRUE,FALSE,TRUE,FALSE
"SYN_00138","Synthetic_Generator_v1",NA,"2026-08-26",NA,"2022-03-18","Sr. Software Developer","Senior Software Developer","Software Engineering","Mid","Creative Software","Remote","On-site","Full-time","Minimum 3+ years experience",3,5,"LKR 360,000 - 450,000",360000,450000,"LKR",TRUE,2022,3,"Q1","2022-Q1","2022-03",FALSE,"2-4 Years (Mid-Level)",TRUE,405000,"300k - 500k LKR","Undisclosed / Non-USD",3,"Java; TypeScript; Docker",TRUE,TRUE,FALSE,FALSE
"SYN_00139","Synthetic_Generator_v1",NA,"2026-08-26",NA,"2021-03-19","Full Stack Developer","Full Stack Developer","Software Engineering","Mid","Calcey Technologies","Colombo","On-site","Full-time","Minimum 3+ years experience",3,5,"Negotiable",NA,NA,NA,TRUE,2021,3,"Q1","2021-Q1","2021-03",FALSE,"2-4 Years (Mid-Level)",FALSE,NA,"Undisclosed / Non-LKR","Undisclosed / Non-USD",3,".NET; C#; Spring Boot",TRUE,FALSE,TRUE,FALSE
"SYN_00140","Synthetic_Generator_v1",NA,"2026-08-26",NA,"2018-08-22","Associate Data Scientist","Associate Data Scientist","Data & AI / ML","Junior","gapstars","Kandy","On-site","Full-time","1-2 years relevant experience",1,2,"LKR 120,000 - 168,000",120000,168000,"LKR",TRUE,2018,8,"Q3","2018-Q3","2018-08",TRUE,"0-1 Years (Entry/Junior)",TRUE,144000,"< 150k LKR","Undisclosed / Non-USD",6,"Power BI; Spark; SQL; PyTorch; Pandas; TensorFlow",FALSE,FALSE,TRUE,TRUE
"SYN_00141","Synthetic_Generator_v1",NA,"2026-08-26",NA,"2024-06-01","Lead Associate QA Engineer","Lead Associate QA Engineer","QA & Test Automation","Lead","Tiqri Sri Lanka","Remote","Hybrid","Full-time","8+ years leadership experience",8,NA,"Competitive Package",NA,NA,NA,TRUE,2024,6,"Q2","2024-Q2","2024-06",FALSE,"8+ Years (Lead/Principal)",FALSE,NA,"Undisclosed / Non-LKR","Undisclosed / Non-USD",3,"Manual Testing; Selenium; Playwright",FALSE,FALSE,FALSE,FALSE
"SYN_00142","Synthetic_Generator_v1",NA,"2026-08-26",NA,"2018-10-17","Cyber Security Engineer","Cyber Security Engineer","Cyber Security","Mid","LSEG Sri Lanka","Remote","Hybrid","Full-time","Minimum 3+ years experience",3,6,"Best in Industry",NA,NA,NA,TRUE,2018,10,"Q4","2018-Q4","2018-10",FALSE,"2-4 Years (Mid-Level)",FALSE,NA,"Undisclosed / Non-LKR","Undisclosed / Non-USD",5,"ISO27001; Splunk; Network Security; Linux; Vulnerability Assessment",FALSE,FALSE,FALSE,FALSE
"SYN_00143","Synthetic_Generator_v1",NA,"2026-08-26",NA,"2020-05-23","Sr. SSE","Senior Senior Software Engineer","Software Engineering","Senior","Surge Global","Galle","Hybrid","Full-time","5 to 9 years commercial experience",5,9,"Best in Industry",NA,NA,NA,TRUE,2020,5,"Q2","2020-Q2","2020-05",FALSE,"5-7 Years (Senior)",FALSE,NA,"Undisclosed / Non-LKR","Undisclosed / Non-USD",4,"Docker; Node.js; C#; TypeScript",TRUE,TRUE,TRUE,FALSE
"SYN_00144","Synthetic_Generator_v1",NA,"2026-08-26",NA,"2024-10-24","Senior Product Designer","Senior Product Designer","UI/UX & Product Design","Senior","DirectFN","Battaramulla","Remote","Full-time","4 to 8 years commercial experience",4,8,"Market Competitive",NA,NA,NA,TRUE,2024,10,"Q4","2024-Q4","2024-10",FALSE,"2-4 Years (Mid-Level)",FALSE,NA,"Undisclosed / Non-LKR","Undisclosed / Non-USD",5,"UX Research; Design Tokens; Interactive Prototypes; Wireframes; Figma",FALSE,FALSE,FALSE,FALSE
"SYN_00145","Synthetic_Generator_v1",NA,"2026-08-26",NA,"2020-04-18","Full-Stack Software Engineer","Full-Stack Software Engineer","Software Engineering","Mid","Virtusa Sri Lanka","Remote","On-site","Full-time","Minimum 3+ years experience",3,6,"Competitive Package",NA,NA,NA,TRUE,2020,4,"Q2","2020-Q2","2020-04",FALSE,"2-4 Years (Mid-Level)",FALSE,NA,"Undisclosed / Non-LKR","Undisclosed / Non-USD",4,"Spring Boot; TypeScript; .NET; React",TRUE,FALSE,TRUE,FALSE
"SYN_00146","Synthetic_Generator_v1",NA,"2026-08-26",NA,"2017-04-24","SE","Software Engineer","Software Engineering","Mid","gapstars","Colombo","Remote","Full-time","Minimum 2+ years experience",2,5,"LKR 360,000 - 468,000",360000,468000,"LKR",TRUE,2017,4,"Q2","2017-Q2","2017-04",FALSE,"2-4 Years (Mid-Level)",TRUE,414000,"300k - 500k LKR","Undisclosed / Non-USD",6,"React; Node.js; TypeScript; Docker; MySQL; Java",TRUE,TRUE,TRUE,TRUE
"SYN_00147","Synthetic_Generator_v1",NA,"2026-08-26",NA,"2023-06-05","Sr. Software Developer","Senior Software Developer","Software Engineering","Mid","DirectFN","Colombo","Hybrid","Full-time","Minimum 2+ years experience",2,4,"Market Competitive",NA,NA,NA,TRUE,2023,6,"Q2","2023-Q2","2023-06",FALSE,"2-4 Years (Mid-Level)",FALSE,NA,"Undisclosed / Non-LKR","Undisclosed / Non-USD",3,"React; C#; Node.js",TRUE,FALSE,TRUE,FALSE
"SYN_00148","Synthetic_Generator_v1",NA,"2026-08-26",NA,"2022-02-22","Associate Machine Learning Engineer","Associate Machine Learning Engineer","Data & AI / ML","Junior","hSenid Mobile Solutions","Battaramulla","Hybrid","Full-time","0-1 years relevant experience",0,1,"Attractive Remuneration",NA,NA,NA,TRUE,2022,2,"Q1","2022-Q1","2022-02",TRUE,"0-1 Years (Entry/Junior)",FALSE,NA,"Undisclosed / Non-LKR","Undisclosed / Non-USD",3,"TensorFlow; PyTorch; PySpark",FALSE,FALSE,TRUE,FALSE
"SYN_00149","Synthetic_Generator_v1",NA,"2026-08-26",NA,"2021-06-01","Data & AI / ML Intern - Trainee / Intern","Data & AI / ML Intern - Trainee / Intern","Data & AI / ML","Intern","Sampath Bank IT","Colombo","On-site","Internship","0-1 year or Undergraduate",0,1,"Competitive Package",NA,NA,NA,TRUE,2021,6,"Q2","2021-Q2","2021-06",TRUE,"0-1 Years (Entry/Junior)",FALSE,NA,"Undisclosed / Non-LKR","Undisclosed / Non-USD",5,"Spark; PyTorch; Pandas; Power BI; TensorFlow",FALSE,FALSE,TRUE,FALSE
"SYN_00150","Synthetic_Generator_v1",NA,"2026-08-26",NA,"2025-03-16","Lead Backend Engineer","Lead Backend Engineer","Software Engineering","Lead","gapstars","Battaramulla","On-site","Full-time","8+ years leadership experience",8,NA,"USD 3198 - 4477 (Pegged)",3198,4477,"USD",TRUE,2025,3,"Q1","2025-Q1","2025-03",FALSE,"8+ Years (Lead/Principal)",TRUE,3837.5,"Undisclosed / Non-LKR","$2,500+ USD",3,"Node.js; Spring Boot; .NET",FALSE,FALSE,TRUE,FALSE
"SYN_00151","Synthetic_Generator_v1",NA,"2026-08-26",NA,"2022-07-19","Software Engineering Intern","Software Engineering Intern","Software Engineering","Intern","Tiqri Sri Lanka","Galle","Hybrid","Internship","0-1 year or Undergraduate",0,1,"Negotiable",NA,NA,NA,TRUE,2022,7,"Q3","2022-Q3","2022-07",TRUE,"0-1 Years (Entry/Junior)",FALSE,NA,"Undisclosed / Non-LKR","Undisclosed / Non-USD",4,".NET; Java; REST API; Node.js",TRUE,FALSE,TRUE,FALSE
"SYN_00152","Synthetic_Generator_v1",NA,"2026-08-26",NA,"2018-04-12","Senior Senior Cloud Engineer","Senior Senior Cloud Engineer","Cloud & DevOps","Senior","Tiqri Sri Lanka","Colombo","Hybrid","Full-time","5 to 7 years commercial experience",5,7,"Negotiable",NA,NA,NA,TRUE,2018,4,"Q2","2018-Q2","2018-04",FALSE,"5-7 Years (Senior)",FALSE,NA,"Undisclosed / Non-LKR","Undisclosed / Non-USD",6,"Terraform; Linux; AWS; Azure; Kubernetes; Docker",FALSE,TRUE,FALSE,FALSE
"SYN_00153","Synthetic_Generator_v1",NA,"2026-08-26",NA,"2019-03-14","Lead SOC Analyst","Lead SOC Analyst","Cyber Security","Lead","Mitra Innovation","Kandy","On-site","Full-time","8+ years leadership experience",8,NA,"LKR 1,100,000 - 1,540,000",1100000,1540000,"LKR",TRUE,2019,3,"Q1","2019-Q1","2019-03",FALSE,"8+ Years (Lead/Principal)",TRUE,1320000,"750k+ LKR","Undisclosed / Non-USD",4,"Network Security; VAPT; Linux; QRadar",FALSE,FALSE,FALSE,FALSE
"SYN_00154","Synthetic_Generator_v1",NA,"2026-08-26",NA,"2019-08-25","Cloud Infra Engineer","Cloud Infra Engineer","Cloud & DevOps","Junior","Dialog Axiata","Remote","Hybrid","Full-time","1-3 years relevant experience",1,3,"Best in Industry",NA,NA,NA,TRUE,2019,8,"Q3","2019-Q3","2019-08",TRUE,"0-1 Years (Entry/Junior)",FALSE,NA,"Undisclosed / Non-LKR","Undisclosed / Non-USD",5,"Linux; AWS; Azure; Kubernetes; CI/CD",FALSE,TRUE,FALSE,FALSE
"SYN_00155","Synthetic_Generator_v1",NA,"2026-08-26",NA,"2020-12-14","Cyber Security Specialist","Cyber Security Specialist","Cyber Security","Junior","Zone24x7","Galle","On-site","Full-time","1-3 years relevant experience",1,3,"Best in Industry",NA,NA,NA,TRUE,2020,12,"Q4","2020-Q4","2020-12",TRUE,"0-1 Years (Entry/Junior)",FALSE,NA,"Undisclosed / Non-LKR","Undisclosed / Non-USD",4,"SIEM; Linux; Vulnerability Assessment; ISO27001",FALSE,FALSE,FALSE,FALSE
"SYN_00156","Synthetic_Generator_v1",NA,"2026-08-26",NA,"2019-07-11","Site Reliability Engineer","Site Reliability Engineer","Cloud & DevOps","Mid","Virtusa Sri Lanka","Colombo","Hybrid","Full-time","Minimum 3+ years experience",3,6,"Best in Industry",NA,NA,NA,TRUE,2019,7,"Q3","2019-Q3","2019-07",FALSE,"2-4 Years (Mid-Level)",FALSE,NA,"Undisclosed / Non-LKR","Undisclosed / Non-USD",4,"Kubernetes; Azure; AWS; CI/CD",FALSE,TRUE,FALSE,FALSE
"SYN_00157","Synthetic_Generator_v1",NA,"2026-08-26",NA,"2020-07-29","Quality Assurance Analyst","Quality Assurance Analyst","QA & Test Automation","Mid","CodeGen International","Nawala","Hybrid","Full-time","Minimum 3+ years experience",3,6,"Negotiable",NA,NA,NA,TRUE,2020,7,"Q3","2020-Q3","2020-07",FALSE,"2-4 Years (Mid-Level)",FALSE,NA,"Undisclosed / Non-LKR","Undisclosed / Non-USD",4,"Playwright; Manual Testing; Java; Cypress",TRUE,FALSE,FALSE,FALSE
"SYN_00158","Synthetic_Generator_v1",NA,"2026-08-26",NA,"2021-07-09","Agile Project Manager","Agile Project Manager","Management & Business Analysis","Mid","Rootcode","Kandy","Remote","Full-time","Minimum 2+ years experience",2,5,"Attractive Remuneration",NA,NA,NA,TRUE,2021,7,"Q3","2021-Q3","2021-07",FALSE,"2-4 Years (Mid-Level)",FALSE,NA,"Undisclosed / Non-LKR","Undisclosed / Non-USD",5,"Project Management; JIRA; Agile; SQL; Business Analysis",FALSE,FALSE,FALSE,TRUE
"SYN_00159","Synthetic_Generator_v1",NA,"2026-08-26",NA,"2024-06-04","DevOps / SRE","DevOps / SRE","Cloud & DevOps","Mid","Zone24x7","Colombo","On-site","Full-time","Minimum 3+ years experience",3,5,"Competitive Package",NA,NA,NA,TRUE,2024,6,"Q2","2024-Q2","2024-06",FALSE,"2-4 Years (Mid-Level)",FALSE,NA,"Undisclosed / Non-LKR","Undisclosed / Non-USD",5,"Docker; Azure; Terraform; Kubernetes; Linux",FALSE,TRUE,FALSE,FALSE
"SYN_00160","Synthetic_Generator_v1",NA,"2026-08-26",NA,"2017-08-21","Principal / Lead Associate QA","Principal / Lead Associate QA","QA & Test Automation","Lead","Rootcode","Colombo","On-site","Full-time","7+ years leadership experience",7,NA,"Attractive Remuneration",NA,NA,NA,TRUE,2017,8,"Q3","2017-Q3","2017-08",FALSE,"5-7 Years (Senior)",FALSE,NA,"Undisclosed / Non-LKR","Undisclosed / Non-USD",6,"Java; Selenium; Postman; Cypress; JMeter; Playwright",TRUE,FALSE,FALSE,FALSE
"SYN_00161","Synthetic_Generator_v1",NA,"2026-08-26",NA,"2025-01-03","DevOps / SRE","DevOps / SRE","Cloud & DevOps","Mid","IFS Sri Lanka","Nawala","On-site","Full-time","Minimum 3+ years experience",3,5,"Market Competitive",NA,NA,NA,TRUE,2025,1,"Q1","2025-Q1","2025-01",FALSE,"2-4 Years (Mid-Level)",FALSE,NA,"Undisclosed / Non-LKR","Undisclosed / Non-USD",6,"AWS; Linux; Kubernetes; Docker; Azure; Terraform",FALSE,TRUE,FALSE,FALSE
"SYN_00162","Synthetic_Generator_v1",NA,"2026-08-26",NA,"2016-06-21","Sr. Software Developer","Senior Software Developer","Software Engineering","Senior","Surge Global","Colombo","Remote","Full-time","6 to 10 years commercial experience",6,10,"Best in Industry",NA,NA,NA,TRUE,2016,6,"Q2","2016-Q2","2016-06",FALSE,"5-7 Years (Senior)",FALSE,NA,"Undisclosed / Non-LKR","Undisclosed / Non-USD",4,"MySQL; Node.js; React; Python",TRUE,FALSE,TRUE,TRUE
"SYN_00163","Synthetic_Generator_v1",NA,"2026-08-26",NA,"2021-07-20","Software Engineering Intern","Software Engineering Intern","Software Engineering","Intern","Virtusa Sri Lanka","Galle","On-site","Internship","0-1 year or Undergraduate",0,1,"Best in Industry",NA,NA,NA,TRUE,2021,7,"Q3","2021-Q3","2021-07",TRUE,"0-1 Years (Entry/Junior)",FALSE,NA,"Undisclosed / Non-LKR","Undisclosed / Non-USD",5,"PostgreSQL; Node.js; MySQL; REST; Java",TRUE,FALSE,TRUE,TRUE
"SYN_00164","Synthetic_Generator_v1",NA,"2026-08-26",NA,"2025-07-05","Management & Business Analysis Intern","Management & Business Analysis Intern","Management & Business Analysis","Intern","Virtusa Sri Lanka","Colombo","Hybrid","Internship","0-1 year or Undergraduate",0,1,"LKR 60,000 - 84,000",60000,84000,"LKR",TRUE,2025,7,"Q3","2025-Q3","2025-07",TRUE,"0-1 Years (Entry/Junior)",TRUE,72000,"< 150k LKR","Undisclosed / Non-USD",3,"Business Analysis; Agile; SQL",FALSE,FALSE,FALSE,TRUE
"SYN_00165","Synthetic_Generator_v1",NA,"2026-08-26",NA,"2017-03-16","QA & Test Automation Intern - Trainee / Intern","QA & Test Automation Intern - Trainee / Intern","QA & Test Automation","Intern","Surge Global","Colombo","Remote","Internship","0-1 year or Undergraduate",0,1,"USD 200 - 260 (Pegged)",200,260,"USD",TRUE,2017,3,"Q1","2017-Q1","2017-03",TRUE,"0-1 Years (Entry/Junior)",TRUE,230,"Undisclosed / Non-LKR","< $1,000 USD",4,"Java; Postman; JMeter; Manual Testing",TRUE,FALSE,FALSE,FALSE
"SYN_00166","Synthetic_Generator_v1",NA,"2026-08-26",NA,"2021-12-19","Principal / Lead UX/UI Specialist","Principal / Lead UX/UI Specialist","UI/UX & Product Design","Lead","CodeGen International","Nawala","Hybrid","Full-time","7+ years leadership experience",7,NA,"Market Competitive",NA,NA,NA,TRUE,2021,12,"Q4","2021-Q4","2021-12",FALSE,"5-7 Years (Senior)",FALSE,NA,"Undisclosed / Non-LKR","Undisclosed / Non-USD",3,"Prototyping; User Research; Design Tokens",FALSE,FALSE,FALSE,FALSE
"SYN_00167","Synthetic_Generator_v1",NA,"2026-08-26",NA,"2026-07-01","Lead Quality Assurance Analyst","Lead Quality Assurance Analyst","QA & Test Automation","Lead","LSEG Sri Lanka","Colombo","Hybrid","Full-time","7+ years leadership experience",7,NA,"Attractive Remuneration",NA,NA,NA,TRUE,2026,7,"Q3","2026-Q3","2026-07",FALSE,"5-7 Years (Senior)",FALSE,NA,"Undisclosed / Non-LKR","Undisclosed / Non-USD",3,"Selenium; Postman; Manual Testing",FALSE,FALSE,FALSE,FALSE
"SYN_00168","Synthetic_Generator_v1",NA,"2026-08-26",NA,"2019-09-26","Associate Software Engineer","Associate Software Engineer","Software Engineering","Mid","Tiqri Sri Lanka","Remote","Hybrid","Full-time","Minimum 2+ years experience",2,4,"Attractive Remuneration",NA,NA,NA,TRUE,2019,9,"Q3","2019-Q3","2019-09",FALSE,"2-4 Years (Mid-Level)",FALSE,NA,"Undisclosed / Non-LKR","Undisclosed / Non-USD",6,"PostgreSQL; Docker; C#; Java; React; Node.js",TRUE,TRUE,TRUE,TRUE
"SYN_00169","Synthetic_Generator_v1",NA,"2026-08-26",NA,"2022-11-04","Platform Engineer","Platform Engineer","Cloud & DevOps","Junior","Creative Software","Colombo","Hybrid","Full-time","1-2 years relevant experience",1,2,"Best in Industry",NA,NA,NA,TRUE,2022,11,"Q4","2022-Q4","2022-11",TRUE,"0-1 Years (Entry/Junior)",FALSE,NA,"Undisclosed / Non-LKR","Undisclosed / Non-USD",5,"Docker; Terraform; CI/CD; Kubernetes; Azure",FALSE,TRUE,FALSE,FALSE
"SYN_00170","Synthetic_Generator_v1",NA,"2026-08-26",NA,"2022-06-20","Associate Software Engineer","Associate Software Engineer","Software Engineering","Junior","LSEG Sri Lanka","Colombo","Hybrid","Full-time","1-2 years relevant experience",1,2,"Attractive Remuneration",NA,NA,NA,TRUE,2022,6,"Q2","2022-Q2","2022-06",TRUE,"0-1 Years (Entry/Junior)",FALSE,NA,"Undisclosed / Non-LKR","Undisclosed / Non-USD",4,"PostgreSQL; Python; Node.js; Java",TRUE,FALSE,TRUE,TRUE
"SYN_00171","Synthetic_Generator_v1",NA,"2026-08-26",NA,"2018-10-29","Senior Software Engineer","Senior Software Engineer","Software Engineering","Senior","WSO2","Kandy","On-site","Full-time","5 to 9 years commercial experience",5,9,"Market Competitive",NA,NA,NA,TRUE,2018,10,"Q4","2018-Q4","2018-10",FALSE,"5-7 Years (Senior)",FALSE,NA,"Undisclosed / Non-LKR","Undisclosed / Non-USD",3,"React; Spring Boot; Docker",FALSE,TRUE,TRUE,FALSE
"SYN_00172","Synthetic_Generator_v1",NA,"2026-08-26",NA,"2023-07-10","Associate DevOps Engineer","Associate DevOps Engineer","Cloud & DevOps","Junior","IFS Sri Lanka","Nawala","Hybrid","Full-time","0-1 years relevant experience",0,1,"Best in Industry",NA,NA,NA,TRUE,2023,7,"Q3","2023-Q3","2023-07",TRUE,"0-1 Years (Entry/Junior)",FALSE,NA,"Undisclosed / Non-LKR","Undisclosed / Non-USD",3,"Linux; Terraform; CI/CD",FALSE,TRUE,FALSE,FALSE
"SYN_00173","Synthetic_Generator_v1",NA,"2026-08-26",NA,"2025-01-15","Principal / Lead SE","Principal / Lead Software Engineer","Software Engineering","Lead","Creative Software","Remote","Hybrid","Full-time","8+ years leadership experience",8,NA,"Negotiable",NA,NA,NA,TRUE,2025,1,"Q1","2025-Q1","2025-01",FALSE,"8+ Years (Lead/Principal)",FALSE,NA,"Undisclosed / Non-LKR","Undisclosed / Non-USD",3,"Spring Boot; TypeScript; React",TRUE,FALSE,TRUE,FALSE
"SYN_00174","Synthetic_Generator_v1",NA,"2026-08-26",NA,"2020-04-19","Associate DevOps Engineer","Associate DevOps Engineer","Cloud & DevOps","Junior","Brandix IT","Remote","On-site","Full-time","1-2 years relevant experience",1,2,"Market Competitive",NA,NA,NA,TRUE,2020,4,"Q2","2020-Q2","2020-04",TRUE,"0-1 Years (Entry/Junior)",FALSE,NA,"Undisclosed / Non-LKR","Undisclosed / Non-USD",6,"Docker; CI/CD; Kubernetes; Terraform; Azure; Linux",FALSE,TRUE,FALSE,FALSE
"SYN_00175","Synthetic_Generator_v1",NA,"2026-08-26",NA,"2024-08-22","Lead QA Lead","Lead QA Lead","QA & Test Automation","Lead","Rootcode","Battaramulla","On-site","Full-time","7+ years leadership experience",7,NA,"Best in Industry",NA,NA,NA,TRUE,2024,8,"Q3","2024-Q3","2024-08",FALSE,"5-7 Years (Senior)",FALSE,NA,"Undisclosed / Non-LKR","Undisclosed / Non-USD",3,"Postman; Java; Manual Testing",TRUE,FALSE,FALSE,FALSE
"SYN_00176","Synthetic_Generator_v1",NA,"2026-08-26",NA,"2017-04-05","Associate Machine Learning Engineer","Associate Machine Learning Engineer","Data & AI / ML","Junior","Tiqri Sri Lanka","Nawala","Hybrid","Full-time","1-3 years relevant experience",1,3,"Market Competitive",NA,NA,NA,TRUE,2017,4,"Q2","2017-Q2","2017-04",TRUE,"0-1 Years (Entry/Junior)",FALSE,NA,"Undisclosed / Non-LKR","Undisclosed / Non-USD",4,"Python; Power BI; Pandas; PyTorch",TRUE,FALSE,TRUE,FALSE
"SYN_00177","Synthetic_Generator_v1",NA,"2026-08-26",NA,"2019-11-20","QA & Test Automation Intern","QA & Test Automation Intern","QA & Test Automation","Intern","LSEG Sri Lanka","Colombo","Hybrid","Internship","0-1 year or Undergraduate",0,1,"Best in Industry",NA,NA,NA,TRUE,2019,11,"Q4","2019-Q4","2019-11",TRUE,"0-1 Years (Entry/Junior)",FALSE,NA,"Undisclosed / Non-LKR","Undisclosed / Non-USD",4,"Playwright; Java; Manual Testing; Postman",TRUE,FALSE,FALSE,FALSE
"SYN_00178","Synthetic_Generator_v1",NA,"2026-08-26",NA,"2017-09-15","IT Systems & Infrastructure Intern - Trainee / Intern","IT Systems & Infrastructure Intern - Trainee / Intern","IT Systems & Infrastructure","Intern","Sysco LABS Sri Lanka","Colombo","Hybrid","Internship","0-1 year or Undergraduate",0,1,"LKR 60,000 - 78,000",60000,78000,"LKR",TRUE,2017,9,"Q3","2017-Q3","2017-09",TRUE,"0-1 Years (Entry/Junior)",TRUE,69000,"< 150k LKR","Undisclosed / Non-USD",5,"Networking; Hardware Support; Active Directory; Cisco; Linux",FALSE,FALSE,FALSE,FALSE
"SYN_00179","Synthetic_Generator_v1",NA,"2026-08-26",NA,"2024-06-22","Sr. Help Desk Support","Senior Help Desk Support","IT Systems & Infrastructure","Senior","hSenid Mobile Solutions","Remote","Hybrid","Full-time","5 to 7 years commercial experience",5,7,"Negotiable",NA,NA,NA,TRUE,2024,6,"Q2","2024-Q2","2024-06",FALSE,"5-7 Years (Senior)",FALSE,NA,"Undisclosed / Non-LKR","Undisclosed / Non-USD",5,"Linux; Desktop Troubleshooting; CCNA; Windows Server; Networking",FALSE,FALSE,FALSE,FALSE
"SYN_00180","Synthetic_Generator_v1",NA,"2026-08-26",NA,"2022-09-19","QA & Test Automation Intern - Trainee / Intern","QA & Test Automation Intern - Trainee / Intern","QA & Test Automation","Intern","Calcey Technologies","Colombo","Hybrid","Internship","0-1 year or Undergraduate",0,1,"Competitive Package",NA,NA,NA,TRUE,2022,9,"Q3","2022-Q3","2022-09",TRUE,"0-1 Years (Entry/Junior)",FALSE,NA,"Undisclosed / Non-LKR","Undisclosed / Non-USD",3,"Java; JIRA; Cypress",TRUE,FALSE,FALSE,FALSE
"SYN_00181","Synthetic_Generator_v1",NA,"2026-08-26",NA,"2026-07-10","Software Engineering Intern","Software Engineering Intern","Software Engineering","Intern","Pearson Lanka","Kandy","Hybrid","Internship","0-1 year or Undergraduate",0,1,"Market Competitive",NA,NA,NA,TRUE,2026,7,"Q3","2026-Q3","2026-07",TRUE,"0-1 Years (Entry/Junior)",FALSE,NA,"Undisclosed / Non-LKR","Undisclosed / Non-USD",4,"Java; C#; MySQL; Docker",TRUE,TRUE,FALSE,TRUE
"SYN_00182","Synthetic_Generator_v1",NA,"2026-08-26",NA,"2016-02-25","Quality Assurance Analyst","Quality Assurance Analyst","QA & Test Automation","Mid","99x","Galle","On-site","Full-time","Minimum 3+ years experience",3,5,"Competitive Package",NA,NA,NA,TRUE,2016,2,"Q1","2016-Q1","2016-02",FALSE,"2-4 Years (Mid-Level)",FALSE,NA,"Undisclosed / Non-LKR","Undisclosed / Non-USD",6,"Manual Testing; JMeter; Postman; Selenium; Playwright; Java",TRUE,FALSE,FALSE,FALSE
"SYN_00183","Synthetic_Generator_v1",NA,"2026-08-26",NA,"2019-03-19","Associate QA","Associate QA","QA & Test Automation","Mid","Tiqri Sri Lanka","Galle","On-site","Full-time","Minimum 2+ years experience",2,5,"Competitive Package",NA,NA,NA,TRUE,2019,3,"Q1","2019-Q1","2019-03",FALSE,"2-4 Years (Mid-Level)",FALSE,NA,"Undisclosed / Non-LKR","Undisclosed / Non-USD",3,"Manual Testing; Cypress; Selenium",FALSE,FALSE,FALSE,FALSE
"SYN_00184","Synthetic_Generator_v1",NA,"2026-08-26",NA,"2024-12-29","Automation Test Engineer","Automation Test Engineer","QA & Test Automation","Junior","Sysco LABS Sri Lanka","Colombo","On-site","Full-time","1-3 years relevant experience",1,3,"Negotiable",NA,NA,NA,TRUE,2024,12,"Q4","2024-Q4","2024-12",TRUE,"0-1 Years (Entry/Junior)",FALSE,NA,"Undisclosed / Non-LKR","Undisclosed / Non-USD",3,"JIRA; Java; Postman",TRUE,FALSE,FALSE,FALSE
"SYN_00185","Synthetic_Generator_v1",NA,"2026-08-26",NA,"2024-01-04","Software Engineering Intern","Software Engineering Intern","Software Engineering","Intern","Sysco LABS Sri Lanka","Colombo","Hybrid","Internship","0-1 year or Undergraduate",0,1,"Attractive Remuneration",NA,NA,NA,TRUE,2024,1,"Q1","2024-Q1","2024-01",TRUE,"0-1 Years (Entry/Junior)",FALSE,NA,"Undisclosed / Non-LKR","Undisclosed / Non-USD",3,"Python; .NET; PostgreSQL",TRUE,FALSE,TRUE,TRUE
"SYN_00186","Synthetic_Generator_v1",NA,"2026-08-26",NA,"2016-07-31","Sr. Product Design Lead","Senior Product Design Lead","UI/UX & Product Design","Senior","Virtusa Sri Lanka","Nawala","On-site","Full-time","6 to 10 years commercial experience",6,10,"Negotiable",NA,NA,NA,TRUE,2016,7,"Q3","2016-Q3","2016-07",FALSE,"5-7 Years (Senior)",FALSE,NA,"Undisclosed / Non-LKR","Undisclosed / Non-USD",4,"Design Systems; Interactive Prototypes; Wireframes; Figma",FALSE,FALSE,FALSE,FALSE
"SYN_00187","Synthetic_Generator_v1",NA,"2026-08-26",NA,"2025-07-07","Full Stack Developer","Full Stack Developer","Software Engineering","Mid","Dialog Axiata","Nawala","On-site","Full-time","Minimum 2+ years experience",2,5,"Negotiable",NA,NA,NA,TRUE,2025,7,"Q3","2025-Q3","2025-07",FALSE,"2-4 Years (Mid-Level)",FALSE,NA,"Undisclosed / Non-LKR","Undisclosed / Non-USD",6,"PostgreSQL; Spring Boot; Docker; Node.js; TypeScript; Python",TRUE,TRUE,TRUE,TRUE
"SYN_00188","Synthetic_Generator_v1",NA,"2026-08-26",NA,"2020-08-05","Senior Business Analyst","Senior Business Analyst","Management & Business Analysis","Mid","IFS Sri Lanka","Colombo","Hybrid","Full-time","Minimum 3+ years experience",3,6,"Best in Industry",NA,NA,NA,TRUE,2020,8,"Q3","2020-Q3","2020-08",FALSE,"2-4 Years (Mid-Level)",FALSE,NA,"Undisclosed / Non-LKR","Undisclosed / Non-USD",3,"JIRA; Agile; Requirements Analysis",FALSE,FALSE,FALSE,FALSE
"SYN_00189","Synthetic_Generator_v1",NA,"2026-08-26",NA,"2022-06-20","Associate Business Analyst","Associate Business Analyst","Management & Business Analysis","Junior","WSO2","Battaramulla","Hybrid","Full-time","1-3 years relevant experience",1,3,"Negotiable",NA,NA,NA,TRUE,2022,6,"Q2","2022-Q2","2022-06",TRUE,"0-1 Years (Entry/Junior)",FALSE,NA,"Undisclosed / Non-LKR","Undisclosed / Non-USD",5,"Sprint Planning; JIRA; Agile; Requirements Analysis; SQL",FALSE,FALSE,FALSE,TRUE
"SYN_00190","Synthetic_Generator_v1",NA,"2026-08-26",NA,"2023-06-16","Associate Site Reliability Engineer","Associate Site Reliability Engineer","Cloud & DevOps","Junior","gapstars","Battaramulla","On-site","Full-time","1-3 years relevant experience",1,3,"Best in Industry",NA,NA,NA,TRUE,2023,6,"Q2","2023-Q2","2023-06",TRUE,"0-1 Years (Entry/Junior)",FALSE,NA,"Undisclosed / Non-LKR","Undisclosed / Non-USD",4,"Terraform; Linux; Docker; AWS",FALSE,TRUE,FALSE,FALSE
"SYN_00191","Synthetic_Generator_v1",NA,"2026-08-26",NA,"2018-03-06","Associate DevOps Lead","Associate DevOps Lead","Cloud & DevOps","Junior","99x","Colombo","Hybrid","Full-time","1-3 years relevant experience",1,3,"LKR 160,000 - 232,000",160000,232000,"LKR",TRUE,2018,3,"Q1","2018-Q1","2018-03",TRUE,"0-1 Years (Entry/Junior)",TRUE,196000,"150k - 300k LKR","Undisclosed / Non-USD",3,"AWS; Docker; Linux",FALSE,TRUE,FALSE,FALSE
"SYN_00192","Synthetic_Generator_v1",NA,"2026-08-26",NA,"2024-10-19","Tech Lead","Tech Lead","Software Engineering","Mid","Virtusa Sri Lanka","Kandy","On-site","Full-time","Minimum 3+ years experience",3,5,"Attractive Remuneration",NA,NA,NA,TRUE,2024,10,"Q4","2024-Q4","2024-10",FALSE,"2-4 Years (Mid-Level)",FALSE,NA,"Undisclosed / Non-LKR","Undisclosed / Non-USD",6,"Node.js; TypeScript; Java; Spring Boot; Docker; PostgreSQL",TRUE,TRUE,TRUE,TRUE
"SYN_00193","Synthetic_Generator_v1",NA,"2026-08-26",NA,"2021-11-16","Sr. Product Design Lead","Senior Product Design Lead","UI/UX & Product Design","Senior","Pearson Lanka","Colombo","Remote","Full-time","5 to 8 years commercial experience",5,8,"Best in Industry",NA,NA,NA,TRUE,2021,11,"Q4","2021-Q4","2021-11",FALSE,"5-7 Years (Senior)",FALSE,NA,"Undisclosed / Non-LKR","Undisclosed / Non-USD",5,"Interactive Prototypes; User Research; Design Systems; Wireframes; Figma",FALSE,FALSE,FALSE,FALSE
"SYN_00194","Synthetic_Generator_v1",NA,"2026-08-26",NA,"2026-08-18","Senior Software Engineer","Senior Software Engineer","Software Engineering","Senior","CodeGen International","Battaramulla","On-site","Full-time","4 to 6 years commercial experience",4,6,"USD 2269 - 3404 (Pegged)",2269,3404,"USD",TRUE,2026,8,"Q3","2026-Q3","2026-08",FALSE,"2-4 Years (Mid-Level)",TRUE,2836.5,"Undisclosed / Non-LKR","$2,500+ USD",3,"Python; MySQL; C#",TRUE,FALSE,FALSE,TRUE
"SYN_00195","Synthetic_Generator_v1",NA,"2026-08-26",NA,"2017-08-14","Frontend Developer","Frontend Developer","Software Engineering","Mid","Calcey Technologies","Colombo","Hybrid","Full-time","Minimum 3+ years experience",3,5,"USD 1125 - 1462 (Pegged)",1125,1462,"USD",TRUE,2017,8,"Q3","2017-Q3","2017-08",FALSE,"2-4 Years (Mid-Level)",TRUE,1293.5,"Undisclosed / Non-LKR","$1,000 - $1,800 USD",5,"React; Spring Boot; C#; REST; .NET",TRUE,FALSE,TRUE,FALSE
"SYN_00196","Synthetic_Generator_v1",NA,"2026-08-26",NA,"2016-04-04","SSE","Senior Software Engineer","Software Engineering","Mid","LSEG Sri Lanka","Colombo","Hybrid","Full-time","Minimum 2+ years experience",2,4,"Competitive Package",NA,NA,NA,TRUE,2016,4,"Q2","2016-Q2","2016-04",FALSE,"2-4 Years (Mid-Level)",FALSE,NA,"Undisclosed / Non-LKR","Undisclosed / Non-USD",4,"Spring Boot; Docker; C#; Java",TRUE,TRUE,TRUE,FALSE
"SYN_00197","Synthetic_Generator_v1",NA,"2026-08-26",NA,"2021-07-29","Sr. Associate QA","Senior Associate QA","QA & Test Automation","Senior","Virtusa Sri Lanka","Colombo","Hybrid","Full-time","6 to 9 years commercial experience",6,9,"Competitive Package",NA,NA,NA,TRUE,2021,7,"Q3","2021-Q3","2021-07",FALSE,"5-7 Years (Senior)",FALSE,NA,"Undisclosed / Non-LKR","Undisclosed / Non-USD",6,"Playwright; Cypress; Java; JIRA; Manual Testing; JMeter",TRUE,FALSE,FALSE,FALSE
"SYN_00198","Synthetic_Generator_v1",NA,"2026-08-26",NA,"2018-02-25","Tech Lead","Tech Lead","Software Engineering","Mid","Surge Global","Galle","Hybrid","Full-time","Minimum 3+ years experience",3,5,"Attractive Remuneration",NA,NA,NA,TRUE,2018,2,"Q1","2018-Q1","2018-02",FALSE,"2-4 Years (Mid-Level)",FALSE,NA,"Undisclosed / Non-LKR","Undisclosed / Non-USD",4,"TypeScript; MySQL; Docker; Spring Boot",TRUE,TRUE,TRUE,TRUE
"SYN_00199","Synthetic_Generator_v1",NA,"2026-08-26",NA,"2025-09-02","Tech Lead","Tech Lead","Software Engineering","Mid","Rootcode","Colombo","On-site","Full-time","Minimum 2+ years experience",2,5,"Competitive Package",NA,NA,NA,TRUE,2025,9,"Q3","2025-Q3","2025-09",FALSE,"2-4 Years (Mid-Level)",FALSE,NA,"Undisclosed / Non-LKR","Undisclosed / Non-USD",3,"PostgreSQL; Docker; .NET",FALSE,TRUE,TRUE,TRUE
"SYN_00200","Synthetic_Generator_v1",NA,"2026-08-26",NA,"2017-10-23","Lead Software Engineer","Lead Software Engineer","Software Engineering","Lead","99x","Colombo","Hybrid","Full-time","8+ years leadership experience",8,NA,"Best in Industry",NA,NA,NA,TRUE,2017,10,"Q4","2017-Q4","2017-10",FALSE,"8+ Years (Lead/Principal)",FALSE,NA,"Undisclosed / Non-LKR","Undisclosed / Non-USD",3,"Node.js; .NET; PostgreSQL",FALSE,FALSE,TRUE,TRUE
"SYN_00201","Synthetic_Generator_v1",NA,"2026-08-26",NA,"2016-06-07","Associate Scrum Master","Associate Scrum Master","Management & Business Analysis","Junior","CodeGen International","Nawala","Hybrid","Full-time","0-2 years relevant experience",0,2,"Attractive Remuneration",NA,NA,NA,TRUE,2016,6,"Q2","2016-Q2","2016-06",TRUE,"0-1 Years (Entry/Junior)",FALSE,NA,"Undisclosed / Non-LKR","Undisclosed / Non-USD",5,"JIRA; SQL; Business Analysis; Agile; Project Management",FALSE,FALSE,FALSE,TRUE
"SYN_00202","Synthetic_Generator_v1",NA,"2026-08-26",NA,"2019-02-08","Associate QA","Associate QA","QA & Test Automation","Mid","CodeGen International","Kandy","Remote","Full-time","Minimum 2+ years experience",2,4,"Competitive Package",NA,NA,NA,TRUE,2019,2,"Q1","2019-Q1","2019-02",FALSE,"2-4 Years (Mid-Level)",FALSE,NA,"Undisclosed / Non-LKR","Undisclosed / Non-USD",6,"Manual Testing; Java; JIRA; Selenium; Playwright; JMeter",TRUE,FALSE,FALSE,FALSE
"SYN_00203","Synthetic_Generator_v1",NA,"2026-08-26",NA,"2016-07-28","Associate Software Engineer","Associate Software Engineer","Software Engineering","Junior","Rootcode","Battaramulla","Hybrid","Full-time","1-2 years relevant experience",1,2,"Best in Industry",NA,NA,NA,TRUE,2016,7,"Q3","2016-Q3","2016-07",TRUE,"0-1 Years (Entry/Junior)",FALSE,NA,"Undisclosed / Non-LKR","Undisclosed / Non-USD",3,"PostgreSQL; Node.js; TypeScript",TRUE,FALSE,TRUE,TRUE
"SYN_00204","Synthetic_Generator_v1",NA,"2026-08-26",NA,"2020-11-15","Senior Software Engineer","Senior Software Engineer","Software Engineering","Mid","99x","Nawala","Hybrid","Full-time","Minimum 3+ years experience",3,5,"LKR 420,000 - 546,000",420000,546000,"LKR",TRUE,2020,11,"Q4","2020-Q4","2020-11",FALSE,"2-4 Years (Mid-Level)",TRUE,483000,"300k - 500k LKR","Undisclosed / Non-USD",5,"Node.js; MySQL; REST API; Java; PostgreSQL",TRUE,FALSE,TRUE,TRUE
"SYN_00205","Synthetic_Generator_v1",NA,"2026-08-26",NA,"2020-12-19","Cloud & DevOps Intern","Cloud & DevOps Intern","Cloud & DevOps","Intern","Sampath Bank IT","Colombo","On-site","Internship","0-1 year or Undergraduate",0,1,"Attractive Remuneration",NA,NA,NA,TRUE,2020,12,"Q4","2020-Q4","2020-12",TRUE,"0-1 Years (Entry/Junior)",FALSE,NA,"Undisclosed / Non-LKR","Undisclosed / Non-USD",3,"Docker; AWS; Terraform",FALSE,TRUE,FALSE,FALSE
"SYN_00206","Synthetic_Generator_v1",NA,"2026-08-26",NA,"2018-07-30","Senior Senior QA Engineer","Senior Senior QA Engineer","QA & Test Automation","Senior","hSenid Mobile Solutions","Galle","Remote","Full-time","4 to 7 years commercial experience",4,7,"Market Competitive",NA,NA,NA,TRUE,2018,7,"Q3","2018-Q3","2018-07",FALSE,"2-4 Years (Mid-Level)",FALSE,NA,"Undisclosed / Non-LKR","Undisclosed / Non-USD",4,"Cypress; Playwright; Java; Selenium",TRUE,FALSE,FALSE,FALSE
"SYN_00207","Synthetic_Generator_v1",NA,"2026-08-26",NA,"2021-03-27","QA Automation Engineer","QA Automation Engineer","QA & Test Automation","Mid","Virtusa Sri Lanka","Kandy","Remote","Full-time","Minimum 3+ years experience",3,6,"Attractive Remuneration",NA,NA,NA,TRUE,2021,3,"Q1","2021-Q1","2021-03",FALSE,"2-4 Years (Mid-Level)",FALSE,NA,"Undisclosed / Non-LKR","Undisclosed / Non-USD",6,"Postman; Manual Testing; Selenium; Cypress; JMeter; Java",TRUE,FALSE,FALSE,FALSE
"SYN_00208","Synthetic_Generator_v1",NA,"2026-08-26",NA,"2022-11-03","Associate Backend Engineer","Associate Backend Engineer","Software Engineering","Junior","Calcey Technologies","Galle","Hybrid","Full-time","1-2 years relevant experience",1,2,"LKR 170,000 - 212,500",170000,212500,"LKR",TRUE,2022,11,"Q4","2022-Q4","2022-11",TRUE,"0-1 Years (Entry/Junior)",TRUE,191250,"150k - 300k LKR","Undisclosed / Non-USD",4,"Spring Boot; Java; Node.js; Docker",TRUE,TRUE,TRUE,FALSE
"SYN_00209","Synthetic_Generator_v1",NA,"2026-08-26",NA,"2021-02-03","Software Developer","Software Developer","Software Engineering","Mid","gapstars","Battaramulla","Hybrid","Full-time","Minimum 2+ years experience",2,4,"Best in Industry",NA,NA,NA,TRUE,2021,2,"Q1","2021-Q1","2021-02",FALSE,"2-4 Years (Mid-Level)",FALSE,NA,"Undisclosed / Non-LKR","Undisclosed / Non-USD",3,"React; C#; TypeScript",TRUE,FALSE,TRUE,FALSE
"SYN_00210","Synthetic_Generator_v1",NA,"2026-08-26",NA,"2023-01-03","Quality Assurance Analyst","Quality Assurance Analyst","QA & Test Automation","Mid","Brandix IT","Galle","Remote","Full-time","Minimum 3+ years experience",3,5,"USD 1016 - 1321 (Pegged)",1016,1321,"USD",TRUE,2023,1,"Q1","2023-Q1","2023-01",FALSE,"2-4 Years (Mid-Level)",TRUE,1168.5,"Undisclosed / Non-LKR","$1,000 - $1,800 USD",3,"JMeter; JIRA; Playwright",FALSE,FALSE,FALSE,FALSE
"SYN_00211","Synthetic_Generator_v1",NA,"2026-08-26",NA,"2019-07-17","Data Eng","Data Engineer","Data & AI / ML","Junior","Zone24x7","Battaramulla","Hybrid","Full-time","1-3 years relevant experience",1,3,"Attractive Remuneration",NA,NA,NA,TRUE,2019,7,"Q3","2019-Q3","2019-07",TRUE,"0-1 Years (Entry/Junior)",FALSE,NA,"Undisclosed / Non-LKR","Undisclosed / Non-USD",6,"Python; Pandas; Power BI; TensorFlow; SQL; PyTorch",TRUE,FALSE,TRUE,TRUE
"SYN_00212","Synthetic_Generator_v1",NA,"2026-08-26",NA,"2018-02-28","Software Engineering Intern - Trainee / Intern","Software Engineering Intern - Trainee / Intern","Software Engineering","Intern","Tiqri Sri Lanka","Galle","On-site","Internship","0-1 year or Undergraduate",0,1,"Attractive Remuneration",NA,NA,NA,TRUE,2018,2,"Q1","2018-Q1","2018-02",TRUE,"0-1 Years (Entry/Junior)",FALSE,NA,"Undisclosed / Non-LKR","Undisclosed / Non-USD",5,".NET; Python; Java; Docker; MySQL",TRUE,TRUE,TRUE,TRUE
"SYN_00213","Synthetic_Generator_v1",NA,"2026-08-26",NA,"2018-08-11","Senior Frontend Developer","Senior Frontend Developer","Software Engineering","Senior","hSenid Mobile Solutions","Battaramulla","On-site","Full-time","4 to 8 years commercial experience",4,8,"Attractive Remuneration",NA,NA,NA,TRUE,2018,8,"Q3","2018-Q3","2018-08",FALSE,"2-4 Years (Mid-Level)",FALSE,NA,"Undisclosed / Non-LKR","Undisclosed / Non-USD",4,"TypeScript; .NET; Docker; PostgreSQL",TRUE,TRUE,TRUE,TRUE
"SYN_00214","Synthetic_Generator_v1",NA,"2026-08-26",NA,"2018-08-15","Lead Associate QA Engineer","Lead Associate QA Engineer","QA & Test Automation","Lead","Creative Software","Colombo","Hybrid","Full-time","7+ years leadership experience",7,NA,"Competitive Package",NA,NA,NA,TRUE,2018,8,"Q3","2018-Q3","2018-08",FALSE,"5-7 Years (Senior)",FALSE,NA,"Undisclosed / Non-LKR","Undisclosed / Non-USD",3,"Playwright; JIRA; Postman",FALSE,FALSE,FALSE,FALSE
"SYN_00215","Synthetic_Generator_v1",NA,"2026-08-26",NA,"2018-09-12","Automation Test Engineer","Automation Test Engineer","QA & Test Automation","Mid","Tiqri Sri Lanka","Remote","On-site","Full-time","Minimum 2+ years experience",2,5,"Attractive Remuneration",NA,NA,NA,TRUE,2018,9,"Q3","2018-Q3","2018-09",FALSE,"2-4 Years (Mid-Level)",FALSE,NA,"Undisclosed / Non-LKR","Undisclosed / Non-USD",3,"JIRA; Cypress; Postman",FALSE,FALSE,FALSE,FALSE
"SYN_00216","Synthetic_Generator_v1",NA,"2026-08-26",NA,"2016-08-03","BA - IT","BA - IT","Management & Business Analysis","Mid","Surge Global","Colombo","On-site","Full-time","Minimum 2+ years experience",2,4,"Best in Industry",NA,NA,NA,TRUE,2016,8,"Q3","2016-Q3","2016-08",FALSE,"2-4 Years (Mid-Level)",FALSE,NA,"Undisclosed / Non-LKR","Undisclosed / Non-USD",5,"JIRA; Agile; Project Management; SQL; Business Analysis",FALSE,FALSE,FALSE,TRUE
"SYN_00217","Synthetic_Generator_v1",NA,"2026-08-26",NA,"2025-07-30","QA Engineer","QA Engineer","QA & Test Automation","Mid","DirectFN","Nawala","On-site","Full-time","Minimum 3+ years experience",3,5,"LKR 420,000 - 588,000",420000,588000,"LKR",TRUE,2025,7,"Q3","2025-Q3","2025-07",FALSE,"2-4 Years (Mid-Level)",TRUE,504000,"500k - 750k LKR","Undisclosed / Non-USD",4,"Cypress; Postman; Playwright; JIRA",FALSE,FALSE,FALSE,FALSE
"SYN_00218","Synthetic_Generator_v1",NA,"2026-08-26",NA,"2018-04-06","Associate Software Engineer","Associate Software Engineer","Software Engineering","Junior","Calcey Technologies","Colombo","On-site","Full-time","1-2 years relevant experience",1,2,"Attractive Remuneration",NA,NA,NA,TRUE,2018,4,"Q2","2018-Q2","2018-04",TRUE,"0-1 Years (Entry/Junior)",FALSE,NA,"Undisclosed / Non-LKR","Undisclosed / Non-USD",4,"C#; MySQL; Spring Boot; Node.js",TRUE,FALSE,TRUE,TRUE
"SYN_00219","Synthetic_Generator_v1",NA,"2026-08-26",NA,"2017-05-30","Software Engineer","Software Engineer","Software Engineering","Mid","Surge Global","Remote","Hybrid","Full-time","Minimum 3+ years experience",3,6,"Best in Industry",NA,NA,NA,TRUE,2017,5,"Q2","2017-Q2","2017-05",FALSE,"2-4 Years (Mid-Level)",FALSE,NA,"Undisclosed / Non-LKR","Undisclosed / Non-USD",5,"C#; Node.js; Docker; Java; Python",TRUE,TRUE,TRUE,FALSE
"SYN_00220","Synthetic_Generator_v1",NA,"2026-08-26",NA,"2019-04-16","Senior Full Stack Developer","Senior Full Stack Developer","Software Engineering","Senior","Surge Global","Colombo","Hybrid","Full-time","4 to 8 years commercial experience",4,8,"Negotiable",NA,NA,NA,TRUE,2019,4,"Q2","2019-Q2","2019-04",FALSE,"2-4 Years (Mid-Level)",FALSE,NA,"Undisclosed / Non-LKR","Undisclosed / Non-USD",5,"React; REST API; .NET; PostgreSQL; Node.js",FALSE,FALSE,TRUE,TRUE
"SYN_00221","Synthetic_Generator_v1",NA,"2026-08-26",NA,"2017-12-30","Automation Test Engineer","Automation Test Engineer","QA & Test Automation","Mid","Axiata Digital Labs","Remote","Remote","Full-time","Minimum 3+ years experience",3,5,"LKR 260,000 - 351,000",260000,351000,"LKR",TRUE,2017,12,"Q4","2017-Q4","2017-12",FALSE,"2-4 Years (Mid-Level)",TRUE,305500,"300k - 500k LKR","Undisclosed / Non-USD",3,"Playwright; Cypress; JMeter",FALSE,FALSE,FALSE,FALSE
"SYN_00222","Synthetic_Generator_v1",NA,"2026-08-26",NA,"2019-03-19","Quality Assurance Analyst","Quality Assurance Analyst","QA & Test Automation","Mid","WSO2","Nawala","Hybrid","Full-time","Minimum 2+ years experience",2,5,"LKR 240,000 - 324,000",240000,324000,"LKR",TRUE,2019,3,"Q1","2019-Q1","2019-03",FALSE,"2-4 Years (Mid-Level)",TRUE,282000,"150k - 300k LKR","Undisclosed / Non-USD",4,"Selenium; Playwright; Java; JMeter",TRUE,FALSE,FALSE,FALSE
"SYN_00223","Synthetic_Generator_v1",NA,"2026-08-26",NA,"2022-02-16","Tech Lead","Tech Lead","Software Engineering","Mid","Pearson Lanka","Kandy","Hybrid","Full-time","Minimum 3+ years experience",3,5,"Competitive Package",NA,NA,NA,TRUE,2022,2,"Q1","2022-Q1","2022-02",FALSE,"2-4 Years (Mid-Level)",FALSE,NA,"Undisclosed / Non-LKR","Undisclosed / Non-USD",5,"C#; Spring Boot; TypeScript; PostgreSQL; .NET",TRUE,FALSE,TRUE,TRUE
"SYN_00224","Synthetic_Generator_v1",NA,"2026-08-26",NA,"2026-02-23","Sr. QA Automation Eng","Senior QA Automation Engineer","QA & Test Automation","Mid","CodeGen International","Nawala","Remote","Full-time","Minimum 3+ years experience",3,5,"LKR 4e+05 - 520,000",4e+05,520000,"LKR",TRUE,2026,2,"Q1","2026-Q1","2026-02",FALSE,"2-4 Years (Mid-Level)",TRUE,460000,"300k - 500k LKR","Undisclosed / Non-USD",4,"Playwright; Manual Testing; Java; Postman",TRUE,FALSE,FALSE,FALSE
"SYN_00225","Synthetic_Generator_v1",NA,"2026-08-26",NA,"2017-01-30","Sr. DevOps / SRE","Senior DevOps / SRE","Cloud & DevOps","Senior","Tiqri Sri Lanka","Galle","Hybrid","Full-time","5 to 8 years commercial experience",5,8,"LKR 550,000 - 715,000",550000,715000,"LKR",TRUE,2017,1,"Q1","2017-Q1","2017-01",FALSE,"5-7 Years (Senior)",TRUE,632500,"500k - 750k LKR","Undisclosed / Non-USD",3,"Linux; Azure; Kubernetes",FALSE,TRUE,FALSE,FALSE
"SYN_00226","Synthetic_Generator_v1",NA,"2026-08-26",NA,"2026-07-31","Senior DevOps Engineer","Senior DevOps Engineer","Cloud & DevOps","Senior","IFS Sri Lanka","Battaramulla","On-site","Full-time","4 to 7 years commercial experience",4,7,"Negotiable",NA,NA,NA,TRUE,2026,7,"Q3","2026-Q3","2026-07",FALSE,"2-4 Years (Mid-Level)",FALSE,NA,"Undisclosed / Non-LKR","Undisclosed / Non-USD",4,"CI/CD; Kubernetes; AWS; Docker",FALSE,TRUE,FALSE,FALSE
"SYN_00227","Synthetic_Generator_v1",NA,"2026-08-26",NA,"2021-12-28","Associate Senior UI/UX Designer","Associate Senior UI/UX Designer","UI/UX & Product Design","Junior","Zone24x7","Colombo","On-site","Full-time","0-2 years relevant experience",0,2,"Best in Industry",NA,NA,NA,TRUE,2021,12,"Q4","2021-Q4","2021-12",TRUE,"0-1 Years (Entry/Junior)",FALSE,NA,"Undisclosed / Non-LKR","Undisclosed / Non-USD",4,"UX Research; Wireframing; Prototyping; Design Tokens",FALSE,FALSE,FALSE,FALSE
"SYN_00228","Synthetic_Generator_v1",NA,"2026-08-26",NA,"2022-02-23","Senior Software Engineer","Senior Software Engineer","Software Engineering","Mid","hSenid Mobile Solutions","Colombo","Hybrid","Full-time","Minimum 3+ years experience",3,5,"Attractive Remuneration",NA,NA,NA,TRUE,2022,2,"Q1","2022-Q1","2022-02",FALSE,"2-4 Years (Mid-Level)",FALSE,NA,"Undisclosed / Non-LKR","Undisclosed / Non-USD",6,"REST API; React; Spring Boot; PostgreSQL; Python; Node.js",TRUE,FALSE,TRUE,TRUE
"SYN_00229","Synthetic_Generator_v1",NA,"2026-08-26",NA,"2016-07-30","UX/UI Specialist","UX/UI Specialist","UI/UX & Product Design","Mid","MillenniumIT ESP","Nawala","Remote","Full-time","Minimum 2+ years experience",2,5,"Best in Industry",NA,NA,NA,TRUE,2016,7,"Q3","2016-Q3","2016-07",FALSE,"2-4 Years (Mid-Level)",FALSE,NA,"Undisclosed / Non-LKR","Undisclosed / Non-USD",5,"Prototyping; Wireframes; User Research; Design Systems; Figma",FALSE,FALSE,FALSE,FALSE
"SYN_00230","Synthetic_Generator_v1",NA,"2026-08-26",NA,"2018-01-16","Data Analyst (Power BI)","Data Analyst (Power BI)","Data & AI / ML","Junior","Sampath Bank IT","Colombo","Hybrid","Full-time","0-1 years relevant experience",0,1,"Market Competitive",NA,NA,NA,TRUE,2018,1,"Q1","2018-Q1","2018-01",TRUE,"0-1 Years (Entry/Junior)",FALSE,NA,"Undisclosed / Non-LKR","Undisclosed / Non-USD",3,"Power BI; Python; Spark",TRUE,FALSE,TRUE,FALSE
"SYN_00231","Synthetic_Generator_v1",NA,"2026-08-26",NA,"2016-06-12","Sr. Software Developer","Senior Software Developer","Software Engineering","Senior","Sysco LABS Sri Lanka","Kandy","Hybrid","Full-time","5 to 9 years commercial experience",5,9,"Best in Industry",NA,NA,NA,TRUE,2016,6,"Q2","2016-Q2","2016-06",FALSE,"5-7 Years (Senior)",FALSE,NA,"Undisclosed / Non-LKR","Undisclosed / Non-USD",4,"Java; MySQL; Docker; C#",TRUE,TRUE,FALSE,TRUE
"SYN_00232","Synthetic_Generator_v1",NA,"2026-08-26",NA,"2018-12-01","Full Stack Dev","Full Stack Developer","Software Engineering","Mid","IFS Sri Lanka","Colombo","Remote","Full-time","Minimum 2+ years experience",2,4,"LKR 420,000 - 588,000",420000,588000,"LKR",TRUE,2018,12,"Q4","2018-Q4","2018-12",FALSE,"2-4 Years (Mid-Level)",TRUE,504000,"500k - 750k LKR","Undisclosed / Non-USD",5,"Node.js; .NET; Spring Boot; REST API; MySQL",FALSE,FALSE,TRUE,TRUE
"SYN_00233","Synthetic_Generator_v1",NA,"2026-08-26",NA,"2022-07-14","Senior Backend Engineer","Senior Backend Engineer","Software Engineering","Senior","WSO2","Remote","Remote","Full-time","4 to 7 years commercial experience",4,7,"LKR 750,000 - 1,087,500",750000,1087500,"LKR",TRUE,2022,7,"Q3","2022-Q3","2022-07",FALSE,"2-4 Years (Mid-Level)",TRUE,918750,"750k+ LKR","Undisclosed / Non-USD",5,".NET; Python; PostgreSQL; TypeScript; Java",TRUE,FALSE,TRUE,TRUE
"SYN_00234","Synthetic_Generator_v1",NA,"2026-08-26",NA,"2025-06-02","QA Automation Engineer","QA Automation Engineer","QA & Test Automation","Mid","99x","Remote","Hybrid","Full-time","Minimum 2+ years experience",2,4,"Best in Industry",NA,NA,NA,TRUE,2025,6,"Q2","2025-Q2","2025-06",FALSE,"2-4 Years (Mid-Level)",FALSE,NA,"Undisclosed / Non-LKR","Undisclosed / Non-USD",5,"Manual Testing; JMeter; Java; JIRA; Cypress",TRUE,FALSE,FALSE,FALSE
"SYN_00235","Synthetic_Generator_v1",NA,"2026-08-26",NA,"2018-02-20","Senior Data Engineer","Senior Data Engineer","Data & AI / ML","Senior","DirectFN","Colombo","Hybrid","Full-time","6 to 10 years commercial experience",6,10,"Negotiable",NA,NA,NA,TRUE,2018,2,"Q1","2018-Q1","2018-02",FALSE,"5-7 Years (Senior)",FALSE,NA,"Undisclosed / Non-LKR","Undisclosed / Non-USD",4,"PyTorch; TensorFlow; Spark; SQL",FALSE,FALSE,TRUE,TRUE
"SYN_00236","Synthetic_Generator_v1",NA,"2026-08-26",NA,"2022-04-25","Sr. Associate QA","Senior Associate QA","QA & Test Automation","Senior","Zone24x7","Remote","On-site","Full-time","5 to 9 years commercial experience",5,9,"Best in Industry",NA,NA,NA,TRUE,2022,4,"Q2","2022-Q2","2022-04",FALSE,"5-7 Years (Senior)",FALSE,NA,"Undisclosed / Non-LKR","Undisclosed / Non-USD",5,"JMeter; Selenium; JIRA; Cypress; Java",TRUE,FALSE,FALSE,FALSE
"SYN_00237","Synthetic_Generator_v1",NA,"2026-08-26",NA,"2020-03-13","Lead Site Reliability Engineer","Lead Site Reliability Engineer","Cloud & DevOps","Lead","Creative Software","Galle","Hybrid","Full-time","7+ years leadership experience",7,NA,"Market Competitive",NA,NA,NA,TRUE,2020,3,"Q1","2020-Q1","2020-03",FALSE,"5-7 Years (Senior)",FALSE,NA,"Undisclosed / Non-LKR","Undisclosed / Non-USD",5,"AWS; Terraform; Azure; Linux; CI/CD",FALSE,TRUE,FALSE,FALSE
"SYN_00238","Synthetic_Generator_v1",NA,"2026-08-26",NA,"2025-08-06","Software Engineering Intern","Software Engineering Intern","Software Engineering","Intern","99x","Kandy","Remote","Internship","0-1 year or Undergraduate",0,1,"Market Competitive",NA,NA,NA,TRUE,2025,8,"Q3","2025-Q3","2025-08",TRUE,"0-1 Years (Entry/Junior)",FALSE,NA,"Undisclosed / Non-LKR","Undisclosed / Non-USD",3,"PostgreSQL; .NET; TypeScript",TRUE,FALSE,TRUE,TRUE
"SYN_00239","Synthetic_Generator_v1",NA,"2026-08-26",NA,"2021-04-22","Platform Engineer","Platform Engineer","Cloud & DevOps","Mid","Virtusa Sri Lanka","Colombo","Hybrid","Full-time","Minimum 2+ years experience",2,5,"Market Competitive",NA,NA,NA,TRUE,2021,4,"Q2","2021-Q2","2021-04",FALSE,"2-4 Years (Mid-Level)",FALSE,NA,"Undisclosed / Non-LKR","Undisclosed / Non-USD",4,"Linux; Azure; Docker; CI/CD",FALSE,TRUE,FALSE,FALSE
"SYN_00240","Synthetic_Generator_v1",NA,"2026-08-26",NA,"2024-09-11","Associate SE","Associate Software Engineer","Software Engineering","Mid","IFS Sri Lanka","Colombo","On-site","Full-time","Minimum 3+ years experience",3,6,"LKR 4e+05 - 5e+05",4e+05,5e+05,"LKR",TRUE,2024,9,"Q3","2024-Q3","2024-09",FALSE,"2-4 Years (Mid-Level)",TRUE,450000,"300k - 500k LKR","Undisclosed / Non-USD",6,"PostgreSQL; Python; React; Spring Boot; C#; Node.js",TRUE,FALSE,TRUE,TRUE
"SYN_00241","Synthetic_Generator_v1",NA,"2026-08-26",NA,"2024-01-21","Data Analyst","Data Analyst","Data & AI / ML","Mid","Calcey Technologies","Remote","On-site","Full-time","Minimum 2+ years experience",2,4,"LKR 280,000 - 406,000",280000,406000,"LKR",TRUE,2024,1,"Q1","2024-Q1","2024-01",FALSE,"2-4 Years (Mid-Level)",TRUE,343000,"300k - 500k LKR","Undisclosed / Non-USD",4,"PyTorch; SQL; Spark; Python",TRUE,FALSE,TRUE,TRUE
"SYN_00242","Synthetic_Generator_v1",NA,"2026-08-26",NA,"2019-09-22","QA / Tester","QA Engineer","QA & Test Automation","Mid","Sysco LABS Sri Lanka","Colombo","Hybrid","Full-time","Minimum 3+ years experience",3,6,"LKR 240,000 - 3e+05",240000,3e+05,"LKR",TRUE,2019,9,"Q3","2019-Q3","2019-09",FALSE,"2-4 Years (Mid-Level)",TRUE,270000,"150k - 300k LKR","Undisclosed / Non-USD",5,"Cypress; JIRA; JMeter; Postman; Manual Testing",FALSE,FALSE,FALSE,FALSE
"SYN_00243","Synthetic_Generator_v1",NA,"2026-08-26",NA,"2018-01-27","Sr. InfoSec Analyst","Senior InfoSec Analyst","Cyber Security","Senior","MillenniumIT ESP","Colombo","Remote","Full-time","5 to 9 years commercial experience",5,9,"Negotiable",NA,NA,NA,TRUE,2018,1,"Q1","2018-Q1","2018-01",FALSE,"5-7 Years (Senior)",FALSE,NA,"Undisclosed / Non-LKR","Undisclosed / Non-USD",3,"Linux; ISO 27001; Vulnerability Assessment",FALSE,FALSE,FALSE,FALSE
"SYN_00244","Synthetic_Generator_v1",NA,"2026-08-26",NA,"2017-08-27","Senior Associate Software Engineer","Senior Associate Software Engineer","Software Engineering","Senior","Calcey Technologies","Remote","Hybrid","Full-time","6 to 8 years commercial experience",6,8,"Negotiable",NA,NA,NA,TRUE,2017,8,"Q3","2017-Q3","2017-08",FALSE,"5-7 Years (Senior)",FALSE,NA,"Undisclosed / Non-LKR","Undisclosed / Non-USD",3,"React; .NET; MySQL",FALSE,FALSE,TRUE,TRUE
"SYN_00245","Synthetic_Generator_v1",NA,"2026-08-26",NA,"2022-09-26","Senior DevOps Engineer","Senior DevOps Engineer","Cloud & DevOps","Senior","Calcey Technologies","Nawala","On-site","Full-time","5 to 9 years commercial experience",5,9,"Market Competitive",NA,NA,NA,TRUE,2022,9,"Q3","2022-Q3","2022-09",FALSE,"5-7 Years (Senior)",FALSE,NA,"Undisclosed / Non-LKR","Undisclosed / Non-USD",5,"AWS; Docker; Linux; Kubernetes; Terraform",FALSE,TRUE,FALSE,FALSE
"SYN_00246","Synthetic_Generator_v1",NA,"2026-08-26",NA,"2019-09-28","Full Stack Developer","Full Stack Developer","Software Engineering","Mid","MillenniumIT ESP","Colombo","Hybrid","Full-time","Minimum 2+ years experience",2,4,"LKR 4e+05 - 560,000",4e+05,560000,"LKR",TRUE,2019,9,"Q3","2019-Q3","2019-09",FALSE,"2-4 Years (Mid-Level)",TRUE,480000,"300k - 500k LKR","Undisclosed / Non-USD",5,"MySQL; C#; Docker; Node.js; .NET",TRUE,TRUE,TRUE,TRUE
"SYN_00247","Synthetic_Generator_v1",NA,"2026-08-26",NA,"2017-06-20","Associate Full Stack Developer","Associate Full Stack Developer","Software Engineering","Junior","Surge Global","Colombo","On-site","Full-time","1-3 years relevant experience",1,3,"Competitive Package",NA,NA,NA,TRUE,2017,6,"Q2","2017-Q2","2017-06",TRUE,"0-1 Years (Entry/Junior)",FALSE,NA,"Undisclosed / Non-LKR","Undisclosed / Non-USD",5,"MySQL; Java; .NET; React; REST API",TRUE,FALSE,TRUE,TRUE
"SYN_00248","Synthetic_Generator_v1",NA,"2026-08-26",NA,"2021-12-06","Cloud Infra Engineer","Cloud Infra Engineer","Cloud & DevOps","Junior","Creative Software","Nawala","On-site","Full-time","1-2 years relevant experience",1,2,"Best in Industry",NA,NA,NA,TRUE,2021,12,"Q4","2021-Q4","2021-12",TRUE,"0-1 Years (Entry/Junior)",FALSE,NA,"Undisclosed / Non-LKR","Undisclosed / Non-USD",5,"Terraform; Kubernetes; Linux; Azure; CI/CD",FALSE,TRUE,FALSE,FALSE
"SYN_00249","Synthetic_Generator_v1",NA,"2026-08-26",NA,"2018-04-02","Frontend Developer","Frontend Developer","Software Engineering","Mid","Calcey Technologies","Kandy","Hybrid","Full-time","Minimum 3+ years experience",3,6,"USD 1144 - 1602 (Pegged)",1144,1602,"USD",TRUE,2018,4,"Q2","2018-Q2","2018-04",FALSE,"2-4 Years (Mid-Level)",TRUE,1373,"Undisclosed / Non-LKR","$1,000 - $1,800 USD",5,"REST API; C#; TypeScript; Java; Docker",TRUE,TRUE,FALSE,FALSE
"SYN_00250","Synthetic_Generator_v1",NA,"2026-08-26",NA,"2016-07-15","Senior Software Engineer","Senior Software Engineer","Software Engineering","Mid","Axiata Digital Labs","Nawala","Remote","Full-time","Minimum 3+ years experience",3,6,"LKR 360,000 - 504,000",360000,504000,"LKR",TRUE,2016,7,"Q3","2016-Q3","2016-07",FALSE,"2-4 Years (Mid-Level)",TRUE,432000,"300k - 500k LKR","Undisclosed / Non-USD",4,"PostgreSQL; MySQL; Docker; TypeScript",TRUE,TRUE,FALSE,TRUE
"SYN_00251","Synthetic_Generator_v1",NA,"2026-08-26",NA,"2024-01-10","Full Stack Dev","Full Stack Developer","Software Engineering","Junior","Tiqri Sri Lanka","Battaramulla","Remote","Full-time","1-3 years relevant experience",1,3,"LKR 170,000 - 212,500",170000,212500,"LKR",TRUE,2024,1,"Q1","2024-Q1","2024-01",TRUE,"0-1 Years (Entry/Junior)",TRUE,191250,"150k - 300k LKR","Undisclosed / Non-USD",6,"PostgreSQL; Spring Boot; .NET; TypeScript; Docker; Python",TRUE,TRUE,TRUE,TRUE
"SYN_00252","Synthetic_Generator_v1",NA,"2026-08-26",NA,"2023-06-05","Software Engineer","Software Engineer","Software Engineering","Mid","WSO2","Kandy","On-site","Full-time","Minimum 3+ years experience",3,6,"Negotiable",NA,NA,NA,TRUE,2023,6,"Q2","2023-Q2","2023-06",FALSE,"2-4 Years (Mid-Level)",FALSE,NA,"Undisclosed / Non-LKR","Undisclosed / Non-USD",3,"Spring Boot; TypeScript; REST",TRUE,FALSE,TRUE,FALSE
"SYN_00253","Synthetic_Generator_v1",NA,"2026-08-26",NA,"2021-02-15","Senior QA Engineer","Senior QA Engineer","QA & Test Automation","Mid","Axiata Digital Labs","Colombo","On-site","Full-time","Minimum 3+ years experience",3,5,"Market Competitive",NA,NA,NA,TRUE,2021,2,"Q1","2021-Q1","2021-02",FALSE,"2-4 Years (Mid-Level)",FALSE,NA,"Undisclosed / Non-LKR","Undisclosed / Non-USD",6,"Cypress; Playwright; Java; JMeter; Postman; Manual Testing",TRUE,FALSE,FALSE,FALSE
"SYN_00254","Synthetic_Generator_v1",NA,"2026-08-26",NA,"2021-05-04","Full Stack Developer","Full Stack Developer","Software Engineering","Mid","Tiqri Sri Lanka","Colombo","Hybrid","Full-time","Minimum 3+ years experience",3,6,"Best in Industry",NA,NA,NA,TRUE,2021,5,"Q2","2021-Q2","2021-05",FALSE,"2-4 Years (Mid-Level)",FALSE,NA,"Undisclosed / Non-LKR","Undisclosed / Non-USD",4,"Docker; Python; Node.js; React",TRUE,TRUE,TRUE,FALSE
"SYN_00255","Synthetic_Generator_v1",NA,"2026-08-26",NA,"2016-01-04","Software Engineering Intern - Trainee / Intern","Software Engineering Intern - Trainee / Intern","Software Engineering","Intern","Dialog Axiata","Colombo","On-site","Internship","0-1 year or Undergraduate",0,1,"Attractive Remuneration",NA,NA,NA,TRUE,2016,1,"Q1","2016-Q1","2016-01",TRUE,"0-1 Years (Entry/Junior)",FALSE,NA,"Undisclosed / Non-LKR","Undisclosed / Non-USD",5,"React; Java; Node.js; PostgreSQL; Python",TRUE,FALSE,TRUE,TRUE
"SYN_00256","Synthetic_Generator_v1",NA,"2026-08-26",NA,"2025-12-03","QA Lead","QA Lead","QA & Test Automation","Mid","CodeGen International","Colombo","On-site","Full-time","Minimum 2+ years experience",2,5,"Best in Industry",NA,NA,NA,TRUE,2025,12,"Q4","2025-Q4","2025-12",FALSE,"2-4 Years (Mid-Level)",FALSE,NA,"Undisclosed / Non-LKR","Undisclosed / Non-USD",4,"Postman; Manual Testing; Cypress; Playwright",FALSE,FALSE,FALSE,FALSE
"SYN_00257","Synthetic_Generator_v1",NA,"2026-08-26",NA,"2018-10-19","Sr. Cloud Infra Engineer","Senior Cloud Infra Engineer","Cloud & DevOps","Senior","99x","Colombo","Hybrid","Full-time","6 to 10 years commercial experience",6,10,"Best in Industry",NA,NA,NA,TRUE,2018,10,"Q4","2018-Q4","2018-10",FALSE,"5-7 Years (Senior)",FALSE,NA,"Undisclosed / Non-LKR","Undisclosed / Non-USD",3,"Kubernetes; Azure; AWS",FALSE,TRUE,FALSE,FALSE
"SYN_00258","Synthetic_Generator_v1",NA,"2026-08-26",NA,"2022-04-15","QA Lead","QA Lead","QA & Test Automation","Mid","Creative Software","Colombo","On-site","Full-time","Minimum 3+ years experience",3,6,"LKR 360,000 - 486,000",360000,486000,"LKR",TRUE,2022,4,"Q2","2022-Q2","2022-04",FALSE,"2-4 Years (Mid-Level)",TRUE,423000,"300k - 500k LKR","Undisclosed / Non-USD",5,"Manual Testing; JIRA; Cypress; Postman; JMeter",FALSE,FALSE,FALSE,FALSE
"SYN_00259","Synthetic_Generator_v1",NA,"2026-08-26",NA,"2020-06-03","Senior Scrum Master","Senior Scrum Master","Management & Business Analysis","Senior","Calcey Technologies","Battaramulla","Hybrid","Full-time","4 to 8 years commercial experience",4,8,"Competitive Package",NA,NA,NA,TRUE,2020,6,"Q2","2020-Q2","2020-06",FALSE,"2-4 Years (Mid-Level)",FALSE,NA,"Undisclosed / Non-LKR","Undisclosed / Non-USD",5,"Requirements Analysis; SQL; Project Management; Agile; JIRA",FALSE,FALSE,FALSE,TRUE
"SYN_00260","Synthetic_Generator_v1",NA,"2026-08-26",NA,"2016-06-17","Cloud Engineer","Cloud Engineer","Cloud & DevOps","Mid","Sysco LABS Sri Lanka","Colombo","On-site","Full-time","Minimum 2+ years experience",2,5,"LKR 360,000 - 486,000",360000,486000,"LKR",TRUE,2016,6,"Q2","2016-Q2","2016-06",FALSE,"2-4 Years (Mid-Level)",TRUE,423000,"300k - 500k LKR","Undisclosed / Non-USD",6,"Terraform; Azure; Linux; CI/CD; Docker; Kubernetes",FALSE,TRUE,FALSE,FALSE
"SYN_00261","Synthetic_Generator_v1",NA,"2026-08-26",NA,"2022-12-28","Site Reliability Engineer","Site Reliability Engineer","Cloud & DevOps","Mid","Tiqri Sri Lanka","Colombo","Remote","Full-time","Minimum 2+ years experience",2,4,"LKR 360,000 - 450,000",360000,450000,"LKR",TRUE,2022,12,"Q4","2022-Q4","2022-12",FALSE,"2-4 Years (Mid-Level)",TRUE,405000,"300k - 500k LKR","Undisclosed / Non-USD",6,"Kubernetes; AWS; Terraform; CI/CD; Docker; Azure",FALSE,TRUE,FALSE,FALSE
"SYN_00262","Synthetic_Generator_v1",NA,"2026-08-26",NA,"2022-08-26","Senior Frontend Developer","Senior Frontend Developer","Software Engineering","Senior","gapstars","Colombo","Hybrid","Full-time","5 to 8 years commercial experience",5,8,"LKR 550,000 - 742,500",550000,742500,"LKR",TRUE,2022,8,"Q3","2022-Q3","2022-08",FALSE,"5-7 Years (Senior)",TRUE,646250,"500k - 750k LKR","Undisclosed / Non-USD",4,"TypeScript; Python; .NET; REST API",TRUE,FALSE,TRUE,FALSE
"SYN_00263","Synthetic_Generator_v1",NA,"2026-08-26",NA,"2024-02-22","Senior Software Engineer","Senior Software Engineer","Software Engineering","Senior","Virtusa Sri Lanka","Kandy","Hybrid","Full-time","5 to 8 years commercial experience",5,8,"LKR 650,000 - 877,500",650000,877500,"LKR",TRUE,2024,2,"Q1","2024-Q1","2024-02",FALSE,"5-7 Years (Senior)",TRUE,763750,"750k+ LKR","Undisclosed / Non-USD",4,"Spring Boot; Node.js; Docker; TypeScript",TRUE,TRUE,TRUE,FALSE
"SYN_00264","Synthetic_Generator_v1",NA,"2026-08-26",NA,"2016-06-26","Associate Tech Lead","Associate Tech Lead","Software Engineering","Junior","WSO2","Kandy","Hybrid","Full-time","1-3 years relevant experience",1,3,"Attractive Remuneration",NA,NA,NA,TRUE,2016,6,"Q2","2016-Q2","2016-06",TRUE,"0-1 Years (Entry/Junior)",FALSE,NA,"Undisclosed / Non-LKR","Undisclosed / Non-USD",5,"REST API; TypeScript; Python; Node.js; MySQL",TRUE,FALSE,TRUE,TRUE
"SYN_00265","Synthetic_Generator_v1",NA,"2026-08-26",NA,"2025-12-21","Software Developer","Software Developer","Software Engineering","Mid","Tiqri Sri Lanka","Galle","Hybrid","Full-time","Minimum 2+ years experience",2,4,"Market Competitive",NA,NA,NA,TRUE,2025,12,"Q4","2025-Q4","2025-12",FALSE,"2-4 Years (Mid-Level)",FALSE,NA,"Undisclosed / Non-LKR","Undisclosed / Non-USD",6,"TypeScript; Spring Boot; C#; Java; REST API; PostgreSQL",TRUE,FALSE,TRUE,TRUE
"SYN_00266","Synthetic_Generator_v1",NA,"2026-08-26",NA,"2019-03-13","SE","Software Engineer","Software Engineering","Mid","gapstars","Remote","On-site","Full-time","Minimum 2+ years experience",2,5,"Negotiable",NA,NA,NA,TRUE,2019,3,"Q1","2019-Q1","2019-03",FALSE,"2-4 Years (Mid-Level)",FALSE,NA,"Undisclosed / Non-LKR","Undisclosed / Non-USD",5,"TypeScript; Spring Boot; Node.js; PostgreSQL; Java",TRUE,FALSE,TRUE,TRUE
"SYN_00267","Synthetic_Generator_v1",NA,"2026-08-26",NA,"2018-04-28","Full Stack Dev","Full Stack Developer","Software Engineering","Junior","Sampath Bank IT","Colombo","On-site","Full-time","0-2 years relevant experience",0,2,"Negotiable",NA,NA,NA,TRUE,2018,4,"Q2","2018-Q2","2018-04",TRUE,"0-1 Years (Entry/Junior)",FALSE,NA,"Undisclosed / Non-LKR","Undisclosed / Non-USD",4,"Spring Boot; Node.js; React; Python",TRUE,FALSE,TRUE,FALSE
"SYN_00268","Synthetic_Generator_v1",NA,"2026-08-26",NA,"2022-08-31","Software Engineering Intern","Software Engineering Intern","Software Engineering","Intern","hSenid Mobile Solutions","Colombo","On-site","Internship","0-1 year or Undergraduate",0,1,"USD 200 - 300 (Pegged)",200,300,"USD",TRUE,2022,8,"Q3","2022-Q3","2022-08",TRUE,"0-1 Years (Entry/Junior)",TRUE,250,"Undisclosed / Non-LKR","< $1,000 USD",5,"REST API; C#; Docker; Spring Boot; .NET",TRUE,TRUE,TRUE,FALSE
"SYN_00269","Synthetic_Generator_v1",NA,"2026-08-26",NA,"2017-01-07","Platform Engineer","Platform Engineer","Cloud & DevOps","Mid","Pearson Lanka","Colombo","On-site","Full-time","Minimum 3+ years experience",3,6,"LKR 260,000 - 325,000",260000,325000,"LKR",TRUE,2017,1,"Q1","2017-Q1","2017-01",FALSE,"2-4 Years (Mid-Level)",TRUE,292500,"150k - 300k LKR","Undisclosed / Non-USD",6,"CI/CD; Kubernetes; Terraform; AWS; Linux; Docker",FALSE,TRUE,FALSE,FALSE
"SYN_00270","Synthetic_Generator_v1",NA,"2026-08-26",NA,"2018-03-15","Quality Assurance Analyst","Quality Assurance Analyst","QA & Test Automation","Mid","IFS Sri Lanka","Battaramulla","Remote","Full-time","Minimum 2+ years experience",2,4,"LKR 240,000 - 3e+05",240000,3e+05,"LKR",TRUE,2018,3,"Q1","2018-Q1","2018-03",FALSE,"2-4 Years (Mid-Level)",TRUE,270000,"150k - 300k LKR","Undisclosed / Non-USD",6,"Playwright; Selenium; Java; JMeter; Manual Testing; Postman",TRUE,FALSE,FALSE,FALSE
"SYN_00271","Synthetic_Generator_v1",NA,"2026-08-26",NA,"2020-07-17","Associate Data Scientist","Associate Data Scientist","Data & AI / ML","Junior","DirectFN","Remote","Remote","Full-time","1-3 years relevant experience",1,3,"Negotiable",NA,NA,NA,TRUE,2020,7,"Q3","2020-Q3","2020-07",TRUE,"0-1 Years (Entry/Junior)",FALSE,NA,"Undisclosed / Non-LKR","Undisclosed / Non-USD",3,"Spark; SQL; PyTorch",FALSE,FALSE,TRUE,TRUE
"SYN_00272","Synthetic_Generator_v1",NA,"2026-08-26",NA,"2025-06-20","Senior Backend Engineer","Senior Backend Engineer","Software Engineering","Senior","Calcey Technologies","Colombo","Hybrid","Full-time","6 to 10 years commercial experience",6,10,"LKR 5e+05 - 675,000",5e+05,675000,"LKR",TRUE,2025,6,"Q2","2025-Q2","2025-06",FALSE,"5-7 Years (Senior)",TRUE,587500,"500k - 750k LKR","Undisclosed / Non-USD",6,"React; Java; .NET; Node.js; Python; REST",TRUE,FALSE,TRUE,FALSE
"SYN_00273","Synthetic_Generator_v1",NA,"2026-08-26",NA,"2016-10-18","SSE","Senior Software Engineer","Software Engineering","Mid","hSenid Mobile Solutions","Remote","On-site","Full-time","Minimum 3+ years experience",3,5,"Attractive Remuneration",NA,NA,NA,TRUE,2016,10,"Q4","2016-Q4","2016-10",FALSE,"2-4 Years (Mid-Level)",FALSE,NA,"Undisclosed / Non-LKR","Undisclosed / Non-USD",6,".NET; Spring Boot; MySQL; C#; Java; PostgreSQL",TRUE,FALSE,TRUE,TRUE
"SYN_00274","Synthetic_Generator_v1",NA,"2026-08-26",NA,"2019-02-17","Associate Full Stack Developer","Associate Full Stack Developer","Software Engineering","Junior","Tiqri Sri Lanka","Colombo","Hybrid","Full-time","1-3 years relevant experience",1,3,"LKR 180,000 - 243,000",180000,243000,"LKR",TRUE,2019,2,"Q1","2019-Q1","2019-02",TRUE,"0-1 Years (Entry/Junior)",TRUE,211500,"150k - 300k LKR","Undisclosed / Non-USD",4,"TypeScript; MySQL; C#; REST API",TRUE,FALSE,FALSE,TRUE
"SYN_00275","Synthetic_Generator_v1",NA,"2026-08-26",NA,"2018-09-30","Backend Engineer","Backend Engineer","Software Engineering","Mid","IFS Sri Lanka","Galle","On-site","Full-time","Minimum 2+ years experience",2,5,"LKR 280,000 - 406,000",280000,406000,"LKR",TRUE,2018,9,"Q3","2018-Q3","2018-09",FALSE,"2-4 Years (Mid-Level)",TRUE,343000,"300k - 500k LKR","Undisclosed / Non-USD",5,".NET; Java; React; REST API; C#",TRUE,FALSE,TRUE,FALSE
"SYN_00276","Synthetic_Generator_v1",NA,"2026-08-26",NA,"2022-07-13","Senior Cloud Engineer","Senior Cloud Engineer","Cloud & DevOps","Mid","Sysco LABS Sri Lanka","Kandy","Hybrid","Full-time","Minimum 3+ years experience",3,5,"Negotiable",NA,NA,NA,TRUE,2022,7,"Q3","2022-Q3","2022-07",FALSE,"2-4 Years (Mid-Level)",FALSE,NA,"Undisclosed / Non-LKR","Undisclosed / Non-USD",4,"Linux; Azure; CI/CD; Kubernetes",FALSE,TRUE,FALSE,FALSE
"SYN_00277","Synthetic_Generator_v1",NA,"2026-08-26",NA,"2023-09-21","Lead Software Engineer","Lead Software Engineer","Software Engineering","Lead","Rootcode","Colombo","Hybrid","Full-time","9+ years leadership experience",9,NA,"LKR 9e+05 - 1,215,000",9e+05,1215000,"LKR",TRUE,2023,9,"Q3","2023-Q3","2023-09",FALSE,"8+ Years (Lead/Principal)",TRUE,1057500,"750k+ LKR","Undisclosed / Non-USD",4,"React; Java; PostgreSQL; TypeScript",TRUE,FALSE,TRUE,TRUE
"SYN_00278","Synthetic_Generator_v1",NA,"2026-08-26",NA,"2016-09-11","DevOps Engineer","DevOps Engineer","Cloud & DevOps","Mid","99x","Colombo","Remote","Full-time","Minimum 3+ years experience",3,6,"Negotiable",NA,NA,NA,TRUE,2016,9,"Q3","2016-Q3","2016-09",FALSE,"2-4 Years (Mid-Level)",FALSE,NA,"Undisclosed / Non-LKR","Undisclosed / Non-USD",5,"AWS; Kubernetes; Docker; Terraform; Linux",FALSE,TRUE,FALSE,FALSE
"SYN_00279","Synthetic_Generator_v1",NA,"2026-08-26",NA,"2026-01-01","Sr. Full-Stack Software Engineer","Senior Full-Stack Software Engineer","Software Engineering","Senior","Virtusa Sri Lanka","Colombo","On-site","Full-time","5 to 7 years commercial experience",5,7,"Market Competitive",NA,NA,NA,TRUE,2026,1,"Q1","2026-Q1","2026-01",FALSE,"5-7 Years (Senior)",FALSE,NA,"Undisclosed / Non-LKR","Undisclosed / Non-USD",5,"REST API; MySQL; Spring Boot; TypeScript; Java",TRUE,FALSE,TRUE,TRUE
"SYN_00280","Synthetic_Generator_v1",NA,"2026-08-26",NA,"2022-05-30","Lead Frontend Developer","Lead Frontend Developer","Software Engineering","Lead","99x","Nawala","Hybrid","Full-time","8+ years leadership experience",8,NA,"Market Competitive",NA,NA,NA,TRUE,2022,5,"Q2","2022-Q2","2022-05",FALSE,"8+ Years (Lead/Principal)",FALSE,NA,"Undisclosed / Non-LKR","Undisclosed / Non-USD",5,"MySQL; Spring Boot; TypeScript; Docker; Java",TRUE,TRUE,TRUE,TRUE
"SYN_00281","Synthetic_Generator_v1",NA,"2026-08-26",NA,"2018-02-11","Senior Data Analyst","Senior Data Analyst","Data & AI / ML","Senior","Axiata Digital Labs","Colombo","On-site","Full-time","5 to 7 years commercial experience",5,7,"Negotiable",NA,NA,NA,TRUE,2018,2,"Q1","2018-Q1","2018-02",FALSE,"5-7 Years (Senior)",FALSE,NA,"Undisclosed / Non-LKR","Undisclosed / Non-USD",4,"PySpark; Python; TensorFlow; PyTorch",TRUE,FALSE,TRUE,FALSE
"SYN_00282","Synthetic_Generator_v1",NA,"2026-08-26",NA,"2017-06-13","Full Stack Dev","Full Stack Developer","Software Engineering","Mid","MillenniumIT ESP","Kandy","Hybrid","Full-time","Minimum 3+ years experience",3,5,"Attractive Remuneration",NA,NA,NA,TRUE,2017,6,"Q2","2017-Q2","2017-06",FALSE,"2-4 Years (Mid-Level)",FALSE,NA,"Undisclosed / Non-LKR","Undisclosed / Non-USD",6,"C#; Node.js; Docker; .NET; MySQL; Python",TRUE,TRUE,TRUE,TRUE
"SYN_00283","Synthetic_Generator_v1",NA,"2026-08-26",NA,"2023-02-09","Principal / Lead BA - IT","Principal / Lead BA - IT","Management & Business Analysis","Lead","DirectFN","Battaramulla","On-site","Full-time","9+ years leadership experience",9,NA,"LKR 1,200,000 - 1,500,000",1200000,1500000,"LKR",TRUE,2023,2,"Q1","2023-Q1","2023-02",FALSE,"8+ Years (Lead/Principal)",TRUE,1350000,"750k+ LKR","Undisclosed / Non-USD",4,"Agile; SQL; Project Management; JIRA",FALSE,FALSE,FALSE,TRUE
"SYN_00284","Synthetic_Generator_v1",NA,"2026-08-26",NA,"2020-12-31","Associate QA Engineer","Associate QA Engineer","QA & Test Automation","Mid","Dialog Axiata","Colombo","Remote","Full-time","Minimum 2+ years experience",2,5,"LKR 420,000 - 588,000",420000,588000,"LKR",TRUE,2020,12,"Q4","2020-Q4","2020-12",FALSE,"2-4 Years (Mid-Level)",TRUE,504000,"500k - 750k LKR","Undisclosed / Non-USD",6,"JMeter; JIRA; Postman; Cypress; Java; Manual Testing",TRUE,FALSE,FALSE,FALSE
"SYN_00285","Synthetic_Generator_v1",NA,"2026-08-26",NA,"2026-03-06","Associate Associate Software Engineer","Associate Associate Software Engineer","Software Engineering","Junior","MillenniumIT ESP","Battaramulla","On-site","Full-time","1-3 years relevant experience",1,3,"Market Competitive",NA,NA,NA,TRUE,2026,3,"Q1","2026-Q1","2026-03",TRUE,"0-1 Years (Entry/Junior)",FALSE,NA,"Undisclosed / Non-LKR","Undisclosed / Non-USD",6,"Node.js; Spring Boot; Python; MySQL; .NET; React",TRUE,FALSE,TRUE,TRUE
"SYN_00286","Synthetic_Generator_v1",NA,"2026-08-26",NA,"2016-01-06","Sr. QA Automation Eng","Senior QA Automation Engineer","QA & Test Automation","Mid","LSEG Sri Lanka","Kandy","Remote","Full-time","Minimum 3+ years experience",3,6,"LKR 260,000 - 364,000",260000,364000,"LKR",TRUE,2016,1,"Q1","2016-Q1","2016-01",FALSE,"2-4 Years (Mid-Level)",TRUE,312000,"300k - 500k LKR","Undisclosed / Non-USD",4,"Playwright; Manual Testing; JIRA; Selenium",FALSE,FALSE,FALSE,FALSE
"SYN_00287","Synthetic_Generator_v1",NA,"2026-08-26",NA,"2017-03-02","Frontend Developer","Frontend Developer","Software Engineering","Mid","Sampath Bank IT","Remote","Hybrid","Full-time","Minimum 3+ years experience",3,6,"Negotiable",NA,NA,NA,TRUE,2017,3,"Q1","2017-Q1","2017-03",FALSE,"2-4 Years (Mid-Level)",FALSE,NA,"Undisclosed / Non-LKR","Undisclosed / Non-USD",5,"Docker; .NET; Python; TypeScript; React",TRUE,TRUE,TRUE,FALSE
"SYN_00288","Synthetic_Generator_v1",NA,"2026-08-26",NA,"2019-07-29","Lead Cloud Engineer","Lead Cloud Engineer","Cloud & DevOps","Lead","Calcey Technologies","Kandy","On-site","Full-time","7+ years leadership experience",7,NA,"Negotiable",NA,NA,NA,TRUE,2019,7,"Q3","2019-Q3","2019-07",FALSE,"5-7 Years (Senior)",FALSE,NA,"Undisclosed / Non-LKR","Undisclosed / Non-USD",5,"CI/CD; AWS; Azure; Terraform; Linux",FALSE,TRUE,FALSE,FALSE
"SYN_00289","Synthetic_Generator_v1",NA,"2026-08-26",NA,"2022-10-19","Associate Software Engineer","Associate Software Engineer","Software Engineering","Junior","Axiata Digital Labs","Colombo","Hybrid","Full-time","0-1 years relevant experience",0,1,"LKR 1e+05 - 135,000",1e+05,135000,"LKR",TRUE,2022,10,"Q4","2022-Q4","2022-10",TRUE,"0-1 Years (Entry/Junior)",TRUE,117500,"< 150k LKR","Undisclosed / Non-USD",3,"React; TypeScript; Docker",TRUE,TRUE,TRUE,FALSE
"SYN_00290","Synthetic_Generator_v1",NA,"2026-08-26",NA,"2021-08-10","Associate Network Engineer","Associate Network Engineer","IT Systems & Infrastructure","Junior","Axiata Digital Labs","Nawala","On-site","Full-time","1-3 years relevant experience",1,3,"Best in Industry",NA,NA,NA,TRUE,2021,8,"Q3","2021-Q3","2021-08",TRUE,"0-1 Years (Entry/Junior)",FALSE,NA,"Undisclosed / Non-LKR","Undisclosed / Non-USD",4,"Linux; TCP/IP; Active Directory; CCNA",FALSE,FALSE,FALSE,FALSE
"SYN_00291","Synthetic_Generator_v1",NA,"2026-08-26",NA,"2017-02-19","Associate Software Engineer","Associate Software Engineer","Software Engineering","Junior","Pearson Lanka","Battaramulla","Hybrid","Full-time","0-1 years relevant experience",0,1,"LKR 120,000 - 162,000",120000,162000,"LKR",TRUE,2017,2,"Q1","2017-Q1","2017-02",TRUE,"0-1 Years (Entry/Junior)",TRUE,141000,"< 150k LKR","Undisclosed / Non-USD",4,"React; MySQL; Spring Boot; REST",FALSE,FALSE,TRUE,TRUE
"SYN_00292","Synthetic_Generator_v1",NA,"2026-08-26",NA,"2023-11-01","Software Eng","Software Engineer","Software Engineering","Mid","CodeGen International","Colombo","Hybrid","Full-time","Minimum 3+ years experience",3,6,"Attractive Remuneration",NA,NA,NA,TRUE,2023,11,"Q4","2023-Q4","2023-11",FALSE,"2-4 Years (Mid-Level)",FALSE,NA,"Undisclosed / Non-LKR","Undisclosed / Non-USD",5,"C#; Java; React; Node.js; .NET",TRUE,FALSE,TRUE,FALSE
"SYN_00293","Synthetic_Generator_v1",NA,"2026-08-26",NA,"2022-12-03","QA & Test Automation Intern","QA & Test Automation Intern","QA & Test Automation","Intern","Mitra Innovation","Colombo","On-site","Internship","0-1 year or Undergraduate",0,1,"LKR 40,000 - 50,000",40000,50000,"LKR",TRUE,2022,12,"Q4","2022-Q4","2022-12",TRUE,"0-1 Years (Entry/Junior)",TRUE,45000,"< 150k LKR","Undisclosed / Non-USD",3,"Playwright; Selenium; Cypress",FALSE,FALSE,FALSE,FALSE
"SYN_00294","Synthetic_Generator_v1",NA,"2026-08-26",NA,"2017-04-06","Sr. Platform Engineer","Senior Platform Engineer","Cloud & DevOps","Senior","Virtusa Sri Lanka","Colombo","On-site","Full-time","5 to 8 years commercial experience",5,8,"Competitive Package",NA,NA,NA,TRUE,2017,4,"Q2","2017-Q2","2017-04",FALSE,"5-7 Years (Senior)",FALSE,NA,"Undisclosed / Non-LKR","Undisclosed / Non-USD",5,"AWS; CI/CD; Azure; Terraform; Linux",FALSE,TRUE,FALSE,FALSE
"SYN_00295","Synthetic_Generator_v1",NA,"2026-08-26",NA,"2025-07-05","Lead Machine Learning Engineer","Lead Machine Learning Engineer","Data & AI / ML","Lead","DirectFN","Nawala","Hybrid","Full-time","7+ years leadership experience",7,NA,"LKR 1,200,000 - 1,680,000",1200000,1680000,"LKR",TRUE,2025,7,"Q3","2025-Q3","2025-07",FALSE,"5-7 Years (Senior)",TRUE,1440000,"750k+ LKR","Undisclosed / Non-USD",4,"Power BI; TensorFlow; PyTorch; PySpark",FALSE,FALSE,TRUE,FALSE
"SYN_00296","Synthetic_Generator_v1",NA,"2026-08-26",NA,"2016-08-01","UI/UX Designer","UI/UX Designer","UI/UX & Product Design","Mid","Virtusa Sri Lanka","Galle","On-site","Full-time","Minimum 2+ years experience",2,5,"LKR 340,000 - 493,000",340000,493000,"LKR",TRUE,2016,8,"Q3","2016-Q3","2016-08",FALSE,"2-4 Years (Mid-Level)",TRUE,416500,"300k - 500k LKR","Undisclosed / Non-USD",3,"Wireframes; Design Systems; User Research",FALSE,FALSE,FALSE,FALSE
"SYN_00297","Synthetic_Generator_v1",NA,"2026-08-26",NA,"2021-02-20","Business Analyst","Business Analyst","Management & Business Analysis","Mid","Mitra Innovation","Battaramulla","Hybrid","Full-time","Minimum 2+ years experience",2,5,"Competitive Package",NA,NA,NA,TRUE,2021,2,"Q1","2021-Q1","2021-02",FALSE,"2-4 Years (Mid-Level)",FALSE,NA,"Undisclosed / Non-LKR","Undisclosed / Non-USD",4,"JIRA; Business Analysis; SQL; Agile",FALSE,FALSE,FALSE,TRUE
"SYN_00298","Synthetic_Generator_v1",NA,"2026-08-26",NA,"2017-08-24","UI Designer","UI Designer","UI/UX & Product Design","Junior","Creative Software","Galle","On-site","Full-time","0-2 years relevant experience",0,2,"Best in Industry",NA,NA,NA,TRUE,2017,8,"Q3","2017-Q3","2017-08",TRUE,"0-1 Years (Entry/Junior)",FALSE,NA,"Undisclosed / Non-LKR","Undisclosed / Non-USD",3,"User Research; Wireframing; Figma",FALSE,FALSE,FALSE,FALSE
"SYN_00299","Synthetic_Generator_v1",NA,"2026-08-26",NA,"2018-05-18","Lead Associate QA Engineer","Lead Associate QA Engineer","QA & Test Automation","Lead","CodeGen International","Colombo","On-site","Full-time","9+ years leadership experience",9,NA,"Negotiable",NA,NA,NA,TRUE,2018,5,"Q2","2018-Q2","2018-05",FALSE,"8+ Years (Lead/Principal)",FALSE,NA,"Undisclosed / Non-LKR","Undisclosed / Non-USD",3,"JIRA; JMeter; Java",TRUE,FALSE,FALSE,FALSE
"SYN_00300","Synthetic_Generator_v1",NA,"2026-08-26",NA,"2020-06-20","QA & Test Automation Intern","QA & Test Automation Intern","QA & Test Automation","Intern","Sysco LABS Sri Lanka","Colombo","On-site","Internship","0-1 year or Undergraduate",0,1,"Market Competitive",NA,NA,NA,TRUE,2020,6,"Q2","2020-Q2","2020-06",TRUE,"0-1 Years (Entry/Junior)",FALSE,NA,"Undisclosed / Non-LKR","Undisclosed / Non-USD",3,"Selenium; Java; JIRA",TRUE,FALSE,FALSE,FALSE
